industry,composite_score,years,companies_unique,med_gm,gm_trend_pp,med_rev_growth,rev_stability_cv,med_roe,med_profit_growth,ocf_quality_ratio
IT服务Ⅱ,4.9,11,4,43.3,9.0,9.8,3.72,2.7,9.7,-0.06
一般零售,2.05,11,6,27.1,33.4,-0.1,28.84,4.2,1.6,0.52
专业工程,5.36,11,3,12.3,-6.7,14.8,2.26,5.5,11.9,-0.76
专业服务,9.45,11,3,44.9,-22.6,20.5,1.63,4.8,21.1,1.43
专业连锁Ⅱ,5.92,11,3,13.8,-11.0,11.4,1.92,2.5,12.7,0.32
专用设备,1.69,11,9,22.8,-5.5,5.9,17.96,1.9,0.4,-0.03
个护用品,5.8,10,3,22.2,11.9,6.7,3.45,8.3,15.1,1.16
中药Ⅱ,10,11,3,68.5,-4.8,10.7,1.69,8.9,15.2,0.99
乘用车,5.32,11,3,16.3,-19.9,11.0,2.58,5.9,5.8,0.91
互联网电商,2.65,11,4,27.0,-35.7,6.2,95.7,1.1,21.1,-0.09
休闲食品,10,11,3,46.1,-29.7,12.9,1.23,15.0,21.1,1.62
体育Ⅱ,2.74,11,3,19.5,-29.4,6.2,7.26,0.8,2.4,0.95
元件,6.69,11,3,20.5,4.8,12.8,1.92,4.0,12.4,0.84
光伏设备,4.77,11,10,24.3,-66.9,19.6,3.7,4.6,14.8,0.28
光学光电子,0.76,11,8,19.7,-26.7,3.2,187.54,1.1,-10.9,0.52
其他家电Ⅱ,5.97,11,3,32.4,-1.5,11.0,3.01,3.3,19.9,0.66
其他电子Ⅱ,2.81,11,4,28.1,-30.0,6.0,137.76,5.0,7.1,0.86
其他电源设备Ⅱ,5.08,11,4,35.4,-7.1,19.8,3.44,1.7,14.5,0.31
养殖业,3.04,11,4,18.1,11.4,10.5,15.67,2.7,19.3,0.49
军工电子Ⅱ,5.27,11,4,39.4,9.4,16.6,2.54,1.6,4.5,-0.1
农业综合Ⅱ,4.24,11,2,16.4,-30.2,7.4,3.79,3.9,16.8,-1.88
农产品加工,1.66,11,4,12.4,-0.5,4.8,6307.07,1.2,12.3,0.43
农化制品,6.11,11,4,26.8,11.6,10.0,2.61,5.0,12.4,1.01
冶钢原料,2.99,11,3,35.7,18.0,3.5,13.19,4.8,-3.6,1.43
出版,5.18,11,3,37.3,24.3,3.2,4.43,6.9,7.3,0.88
动物保健Ⅱ,6.62,11,4,67.7,-2.7,8.4,3.3,6.4,2.5,0.62
包装印刷,4.46,11,3,17.8,0.2,8.1,3.72,4.2,3.3,1.61
化妆品,10,11,3,63.9,49.9,19.6,0.97,13.2,30.0,0.94
化学制品,5.7,11,7,30.3,7.1,13.0,2.95,5.3,9.5,0.87
化学制药,6.88,11,7,58.5,35.1,8.6,3.45,3.9,16.9,0.97
化学原料,1.47,11,4,21.9,-22.4,5.1,39.84,3.8,-9.8,0.77
化学纤维,6.19,11,3,14.1,14.9,12.9,2.22,2.3,25.8,0.42
医疗器械,3.62,11,7,39.7,15.8,14.5,54.73,4.5,11.3,0.9
医疗服务,9.23,11,3,32.5,-5.8,28.9,1.31,5.5,40.7,1.27
医疗美容,8.59,11,3,75.0,67.6,25.9,2.96,6.9,31.1,0.67
医药商业,6.73,11,3,13.0,1.8,12.0,1.64,6.0,11.2,-0.58
半导体,3.16,11,7,42.7,16.7,8.3,15.49,2.8,2.6,0.51
厨卫电器,7.79,11,3,52.0,-17.5,11.0,3.44,12.6,19.6,0.98
商用车,0.06,11,3,11.6,-5.8,-0.2,20.83,1.8,-14.1,-0.16
地面兵装Ⅱ,4.4,11,3,34.2,4.7,4.5,7.18,2.7,18.9,0.62
基础建设,4.65,11,4,17.6,42.4,11.7,2.92,5.5,9.3,-0.69
塑料,5.73,11,4,22.0,20.6,15.1,2.34,5.8,8.1,0.41
多元金融,2.89,11,3,11.9,-10.9,7.8,23.91,4.4,14.0,1.17
家居用品,7.25,11,4,31.1,22.3,14.0,2.73,8.0,22.3,1.27
家电零部件Ⅱ,4.14,11,3,13.6,-3.4,4.7,3.91,4.2,5.2,1.25
小家电,8.9,11,3,30.3,1.5,9.2,1.55,12.0,8.5,0.99
小金属,3.2,11,3,13.7,3.6,19.0,16.08,2.7,23.4,0.71
工业金属,3.89,11,4,12.9,4.6,5.8,6.77,3.5,14.9,1.59
工程咨询服务Ⅱ,3.04,11,3,27.2,-5.3,6.1,5.88,4.0,0.6,-0.07
工程机械,4.52,11,3,27.1,-3.2,9.2,3.67,5.2,3.7,0.61
广告营销,2.05,11,3,18.7,3.2,11.4,16.89,3.1,4.8,0.19
影视院线,3.29,11,5,35.6,-9.8,13.0,22.48,1.5,14.1,0.63
房地产开发,1.46,11,7,33.0,-14.9,2.6,130.94,1.5,-5.9,0.61
房地产服务,3.21,11,4,24.2,-53.9,15.4,6.36,1.8,10.2,0.18
房屋建设Ⅱ,4.07,11,3,10.1,-6.3,12.1,3.31,5.2,11.0,-3.28
摩托车及其他,5.3,11,3,20.8,-3.2,11.9,4.22,2.5,33.2,0.79
教育,2.63,11,3,31.3,6.3,-0.1,69.21,1.9,6.7,1.09
数字媒体,6.79,11,3,53.1,19.3,13.4,2.89,5.4,14.8,0.38
文娱用品,2.44,11,3,26.1,3.1,4.9,4.91,2.4,-0.8,-0.15
旅游及景区,4.75,11,3,45.9,26.1,6.6,13.86,5.7,10.3,1.53
旅游零售Ⅱ,3.37,11,2,31.8,-1.8,11.6,35.08,7.3,6.5,0.87
普钢,1.29,11,3,9.7,0.9,0.7,25.8,2.9,-8.5,2.34
服装家纺,4.22,11,4,33.8,8.8,3.5,5.66,4.7,7.1,0.63
未知,10,7,3,35.0,28.6,30.1,0.96,13.0,51.4,1.4
林业Ⅱ,1.43,11,3,13.4,-6.2,0.2,93.76,-0.0,9.3,0.46
橡胶,4.43,11,4,31.5,-7.6,5.0,4.01,5.1,0.5,0.77
水泥,3.39,11,3,18.0,6.1,16.0,2.9,3.9,-11.1,0.05
汽车服务,3.35,11,3,32.9,4.9,1.3,25.68,3.5,14.2,0.6
汽车零部件,3.56,11,6,17.6,0.7,9.3,4.15,2.4,3.6,0.68
油服工程,1.29,11,4,8.6,20.3,6.1,22.79,1.6,6.3,-0.2
油气开采Ⅱ,2.68,11,3,38.5,9.7,-0.1,167.22,1.8,1.3,1.18
消费电子,4.08,11,7,17.7,-14.8,15.2,4.15,3.2,6.7,1.08
渔业,1.88,11,4,16.5,26.6,6.9,19.11,0.6,4.8,0.67
游戏Ⅱ,5.96,11,3,62.3,-32.6,18.2,4.74,5.4,8.2,0.76
炼化及贸易,1.1,11,4,7.6,16.2,4.2,97.25,1.9,6.5,0.13
焦炭Ⅱ,-0.04,11,3,8.6,-10.0,-1.2,34.6,0.4,-18.1,0.59
煤炭开采,3.43,11,3,28.2,-1.4,-0.2,44.48,5.5,12.7,1.41
照明设备Ⅱ,2.88,11,5,34.0,-31.4,2.2,12.11,2.2,7.0,0.1
燃气Ⅱ,6.78,11,3,21.6,-14.2,13.9,1.99,4.5,8.1,1.81
物流,4.19,11,3,7.7,-9.7,20.3,4.53,6.4,15.7,0.74
特钢Ⅱ,2.13,11,3,9.2,-5.3,1.2,23.2,4.2,5.7,0.96
环保设备Ⅱ,6.44,11,3,41.7,-8.8,11.9,2.49,4.7,9.8,0.54
环境治理,4.38,11,4,32.1,11.7,7.8,6.04,5.5,12.1,0.51
玻璃玻纤,3.4,11,3,21.7,-22.8,12.5,13.79,3.4,17.8,0.74
生物制品,9.41,11,3,84.3,76.5,13.1,2.24,9.5,11.9,0.96
电力,1.09,11,6,24.0,-9.8,-0.3,363.92,1.4,-1.0,0.79
电子化学品Ⅱ,8.43,11,3,35.1,16.2,15.0,1.48,5.3,7.1,0.94
电机Ⅱ,5.81,11,3,20.3,16.6,7.7,2.52,4.3,8.7,1.33
电池,5.27,11,7,31.9,10.5,24.0,3.91,5.1,20.4,0.3
电网设备,7.27,11,4,31.9,-31.2,15.0,1.96,5.7,20.4,-0.22
电视广播Ⅱ,3.72,11,3,39.0,-2.7,3.3,5.66,2.7,-5.5,1.66
白色家电,3.74,11,3,27.5,9.0,7.3,9.31,3.4,14.8,0.72
白酒Ⅱ,8.99,11,3,74.4,13.8,13.5,2.57,12.8,15.3,0.42
种植业,4.14,11,4,20.7,-22.2,7.4,3.99,3.2,3.8,1.12
纺织制造,5.37,11,3,25.8,4.6,4.7,4.39,7.4,13.1,1.36
综合Ⅱ,2.79,11,3,14.9,11.0,4.0,8.1,0.7,12.3,0.63
能源金属,5.89,11,4,26.4,25.9,28.5,3.33,6.0,41.7,0.68
自动化设备,3.87,11,8,38.0,7.2,9.4,6.46,3.9,5.7,0.32
航天装备Ⅱ,3.11,11,4,30.5,16.2,8.4,8.91,4.9,5.1,-0.11
航海装备Ⅱ,1.23,11,3,23.9,13.8,-1.8,120.89,1.1,0.9,0.1
航空机场,3.49,11,3,13.9,-38.0,7.7,5.76,3.1,9.4,1.03
航空装备Ⅱ,3.49,11,4,29.0,-1.6,10.6,9.49,4.1,15.4,-0.69
航运港口,4.8,11,3,34.2,0.2,6.6,5.02,7.5,6.6,0.79
装修建材,1.65,11,4,27.8,-30.0,3.8,13.08,2.2,-2.4,0.27
装修装饰Ⅱ,1.76,11,5,17.0,-8.5,1.7,34.04,4.0,5.2,-0.36
计算机设备,4.06,11,8,41.5,28.1,10.1,4.79,2.5,2.1,0.31
调味发酵品Ⅱ,9.98,11,3,37.4,34.2,10.2,1.43,9.8,21.1,0.74
贵金属,3.57,11,3,12.9,7.4,14.5,15.28,3.5,20.2,1.8
贸易Ⅱ,1.21,11,5,5.2,-4.5,5.9,102.14,3.3,7.1,0.16
轨交设备Ⅱ,4.58,11,3,32.5,2.2,9.3,3.35,3.3,6.9,-0.34
软件开发,4.85,11,6,40.9,-64.5,11.7,4.62,4.7,9.4,0.42
通信服务,6.86,11,3,28.9,-20.6,25.2,2.32,6.7,18.1,1.23
通信设备,3.84,11,6,18.0,-18.6,9.2,3.71,2.3,11.2,-0.17
通用设备,2.29,11,11,29.5,-24.6,7.3,6.24,1.3,-5.9,0.28
造纸,4.53,11,3,17.3,1.2,6.0,4.1,3.7,9.2,1.52
酒店餐饮,2.13,11,3,37.7,-26.1,0.4,76.45,1.2,-5.4,1.49
金属新材料,5.1,10,3,24.0,-4.9,13.5,3.7,10.7,5.5,0.57
铁路公路,4.72,11,3,58.9,-9.8,4.0,25.8,4.3,7.4,1.92
非白酒,4.25,11,3,39.7,-24.5,0.7,14.61,2.3,16.0,1.9
非金属材料Ⅱ,4.82,11,3,25.6,-13.4,6.5,4.84,5.9,12.5,1.09
风电设备,1.95,10,4,17.3,-4.5,17.4,11.12,3.9,0.6,-0.12
食品加工,3.41,11,3,20.8,17.0,2.0,7.45,6.2,5.9,0.61
饮料乳品,2.87,11,3,29.9,13.0,2.2,12.76,2.5,4.6,0.64
饰品,3.83,11,3,21.4,55.9,10.2,5.61,5.4,8.8,0.56
饲料,9.14,11,3,23.9,-10.5,25.1,1.25,5.8,26.0,0.4
黑色家电,5.9,11,3,17.0,8.2,14.2,2.27,6.6,12.6,0.31
