code,year,pdf,text_len,研发投入,研发费用,研发占收入,资本开支,在建工程,员工人数,研发人员,专利数量
000048,2018,094d591d90d61f08142686cc.pdf,157434,,"21,972,550.48 元",,,,,,
000048,2019,12db0b68967f221be869ee52.pdf,158401,,,,,"31,806,275.84 元",,,
000048,2020,84adf2c0c220173b05619b51.pdf,161572,,,,,"963,723,460.99 元",,,
000048,2022,594e20782a815fef8c7bfbec.pdf,173387,,,,,,,,12
000048,2023,0cde002df4e7217cc94e2754.pdf,173626,,,,,,,,28
000048,2023,0b8d284958ad838f019433e0.pdf,173653,,,,,,,,28
000636,2015,d208fdcc06615f39fcda53e0.pdf,135106,,,,,,,,31
000636,2016,19944aecfe51d669ecc061bc.pdf,133578,,,,,,118,,23
000636,2017,dbfc041dee03837190b47eaf.pdf,151143,,,,,,,,54
000636,2017,db74de8d9f506fb151eb59fe.pdf,151052,,,,,,,,54
000636,2018,643bad9aad21f27115bdf8bf.pdf,151692,,,,,,,,3
000636,2019,9e6ddf8ceb12d34b7774658f.pdf,154748,,,,,,,,1
000636,2020,34b55d51593e54943888afbf.pdf,157915,,,,,,,,1
000636,2021,308b5d9e80924c68d17f2403.pdf,155409,,,28.04,,"128,164.90 万元",,,6
000636,2022,0afcaec1f34031c70e8eecf7.pdf,143168,,,,,"31,130.36 万元",,,
000636,2023,1f10bd8aa895f9feb2cf4f9f.pdf,135835,,,,,,,,691
000663,2018,2127f32e8349aab0c4f9ace5.pdf,145515,,,,,,,,6
000663,2019,9be5d79e4ef24c7c7aff25ff.pdf,128714,,,,,,,,8
000663,2020,e875ef98e0faf25b1b4da0b1.pdf,121919,,,,,,,,14
000663,2021,37aad4949c94edcce3a0f44f.pdf,148793,,,,,,,,20
000663,2022,856b0a7935262bf70a0f8ae3.pdf,140137,,,,,,,,25
000663,2022,0442d802a469d009d4ae49ae.pdf,139886,,,,,,,,25
000663,2023,b69dbdb874330d3e8bc6ecc9.pdf,140321,,,,,"2,037.83 万元",,,18
000663,2023,6bf1c866f5b60c305b9a4241.pdf,137697,,,,,"2,037.83 万元",,,18
000791,2015,6d74eadd1fd3fa2ed90bad69.pdf,140821,,,,,"709,007,309.07 元",,,
000791,2017,f783b4d9ca04675c7114bc76.pdf,146002,,,,,"999,906,869.13
元",,,
000799,2016,2f4f7d61da908c3f636490c7.pdf,124491,,,,,,12,,
000799,2018,38fcd98051f2eb7fcc3b6031.pdf,115185,,"3,510,199.45 元",,,"17,241,372.45 元",,,
000810,2015,26720a5efbc15f82d8e49a6e.pdf,105115,,,15.28,,,,,
000810,2018,952e9ef9012a6fd2322fe4f6.pdf,154738,,,23.51,,,,,
000810,2019,6bee023526ee848025e23fc0.pdf,143883,,,163.35,,,,,
000810,2020,bf5a8cc532367f0c80ca5991.pdf,144647,,,,"4,200万元",,,,
000810,2021,59e3d3813addd8cba751b599.pdf,147656,,,,"6,000万元",,,,
000968,2015,022df827f7d58bd110c2ab1c.pdf,122163,,,,,,9273,,
000968,2020,1fd1e5984ec95e5af82a6b9c.pdf,123935,,,,,,,,601
000968,2021,ce99fbb5503f5afec31727b6.pdf,153011,,,33.25,,,,,58
000968,2022,6c05abf462327f84c7eb350b.pdf,152777,8734 万元,,5.73,,,,,107
000968,2023,cfae1dd00eb115ca1dcabe8a.pdf,159853,,,6.90,,,,,126
000968,2023,aaad9d3f51cab349006e4204.pdf,159850,,,6.90,,,,,126
000975,2015,c4adfc910923a939641bdaa1.pdf,122592,,,,,,401,,
000975,2018,419beb1dce494ab1de4cec72.pdf,184667,,,,,"3,004,442.07元",,,
000975,2019,5f2a11fe9f20526aaf04f55c.pdf,177599,,,,,,43,,
000975,2023,4baa62ec50ce8d04d139cf27.pdf,160570,,,,,"4,530,904.67 元",,,
002032,2016,a9d5ead23733d65d1b40c0ac.pdf,139518,,,,,,,,1740
002032,2017,8292bfb7f11885570ae6d96c.pdf,162427,,,,,,,,"3,013"
002098,2016,e9d21bdef6555974ac19f5ff.pdf,126568,,,,,,,,471
002098,2017,3a6ccb368db3274bceccfcf2.pdf,129964,,,,,957.51 万元,35,,
002098,2018,273fb2c64864192c049bf76d.pdf,132205,,,,,,35,,622
002098,2019,c7d2854928ac11808c0aba75.pdf,136669,,,,,,1,,
002098,2021,87aacce99e6bf6812551fb47.pdf,145825,,,,,,,,17
002098,2022,00e9bacdcc792587f3d58bcd.pdf,153536,,,,,,,,271
002128,2019,990e43f1135522940fd1e78c.pdf,178234,,856.48万元,,,,,,
002258,2018,a20832f17ac6290953743e44.pdf,156316,,,,,,46,,
002258,2019,2d042df0748b655eb2df5a27.pdf,153699,,,,,,43,,
002258,2020,93b26868f3ea348465adc7b2.pdf,154035,,,,,,31,,
002258,2021,d6dab91133b5b56725d0c9a0.pdf,155727,,,,,"934,988,863.80元",5,,
002258,2022,af927e2445d0a24226b4c548.pdf,158653,,,,,,357,,
002258,2023,358c27a1f40b3782f8d7fe48.pdf,151782,,,,,"822,568.22 万元",52,,
002304,2018,37cf4f87e1c6d0a80e77cdc0.pdf,134940,,,,,,38939,,2
002304,2019,ed5197b0fa954d9c3a454671.pdf,136256,,,,,,20455,,1
002304,2022,a4e82fdb3b1845f46f6c6ee0.pdf,149282,,,43.09,,,,,
002432,2015,fba37f8e23ba5ddaac68dbf4.pdf,129229,4467万元,,,,"40,612,543.16元",,,126
002432,2016,aef96307cb5824ccad5da498.pdf,137503,8785.64万元,,,,"9,193,691.90元",,,90
002432,2016,089d4bf7e1c81ca797004ba8.pdf,137520,8785.64万元,,,,"9,193,691.90元",,,90
002432,2017,5f3be5722bf9844dd4563a00.pdf,139347,,"42,879,984.62元",,,"9,235,814.57元",,,21
002432,2018,b2eb50963bf7f201ae1b1a04.pdf,140285,13746.78万元,"6,892.46万元",2.49,,"12,711,010.54 元",,,
002432,2019,2636cfdc25f4b875f34fa901.pdf,144690,,"8,003.45万元",,,,,,
002432,2019,dd63b396178ee5f4dd7792e3.pdf,144686,,"8,003.45万元",,,,,,
002432,2020,dcd1f7da3276350bde7e6950.pdf,147448,,"7,654.46万元",,,,,,
002460,2015,361f44dbeef0af116e736c82.pdf,135872,6172万元,,62.87,,,,,18
002460,2016,8aafd27a0f5f74056441a044.pdf,128517,9374.17万元,,,,,,,6
002460,2016,83df3eb25314ae06604a2657.pdf,132370,9374.17万元,,,,,,,6
002460,2016,93b375dbb9d36304628e67dd.pdf,128582,9374.17万元,,,,,,,6
002460,2017,9e3e576f250b6bc56eb33cb3.pdf,132491,,,,,,,,29
002460,2018,c5b0fdcfe5c7c0028190ec62.pdf,140532,,,,,,18,,78
002460,2019,8208237e67b0b0426579eebd.pdf,140983,,,,,,,,5
002460,2020,b83d4f5cb0a12b00bd529966.pdf,148810,,,,,,14,,83
002460,2020,3b2b93108f415ef3343a1b54.pdf,148759,,,,,,14,,83
002460,2021,37a0a23b85d6897e31f579f4.pdf,145871,,,,,,,,5
002460,2022,078f6c41de5465932bcc5f9b.pdf,147025,,,,,,"63,646",,196
002460,2023,af1e05ff76d16aa916278011.pdf,153131,,,,,"612,137,901.42
元",,,220
002466,2015,207b8da39176e0b7a847f3b8.pdf,154049,,,,,,,,71
002466,2016,b03890da08dede82e64352d6.pdf,163544,,,,,,,,80
002466,2017,7d67542f6d4c0ac12a89f296.pdf,159110,,,,,,14766,,67
002466,2018,e2960e10b1172bdd4c4ed4c3.pdf,160972,,,,,,,,22
002466,2019,0ce896d464e843f527ba868f.pdf,175335,,,,,"353,064.02万元",0,,11
002466,2019,ed3409d097afff5e19f49ee8.pdf,174602,,,,,"353,064.02万元",0,,11
002466,2020,58f41d8cdd8b673932955f63.pdf,165052,,,,,"2,346,512.66万元",,,12
002466,2020,31fef6cd522c4696ec075d49.pdf,165052,,,,,"2,346,512.66万元",,,12
002466,2021,3a7595901ab4c489973f00b1.pdf,162877,,,,,"6,986.91万元",,,175
002466,2022,1572213fe4ac11860bfeb97e.pdf,191168,,,,,,8,,25
002466,2023,38e326a3a8a11db670427dea.pdf,186013,,,,,,230,,425
002468,2015,519cf55f1747f76886143d3b.pdf,131561,,,,,,2385,,36
002468,2018,13ff040ad902493c6dd45c08.pdf,132215,"43,621,409.60元",,,,,,246,
002468,2019,12695a0951c7bc71ecbf3883.pdf,119185,,"103,669,826.89元",21.63,,,,,
002468,2020,e0146946a9b113cfb1603492.pdf,128036,,,,,,276,,
002468,2020,b4e3ace307fc367df383fc80.pdf,127980,,,,,,276,,
002508,2015,8dd4f53bd04256dd87b33a56.pdf,122402,,,,,,,,22
002508,2016,d3e4664cf6045678e93d0a75.pdf,124584,,,30,,,,,24
002508,2017,86a8bd646fee8c24bc51b942.pdf,134612,,,,,,,,85
002508,2018,43a867400c798b3269e9911b.pdf,148889,,,3.95,,,,,106
002508,2018,9755d356aa5194fd85b77ef2.pdf,148887,,,3.95,,,,,106
002508,2019,29e11dd08c154b494c2fc040.pdf,141872,,,3.86,,,,,509
002508,2020,653b198c15ebd1ea20d3eb2d.pdf,130939,,,1.30,,,,,744
002508,2021,84fded0f74c73fbf1afd7bff.pdf,136656,,,,,,,,1093
002508,2021,7f5d94a44dbab2b1fed83ea9.pdf,136735,,,,,,,,1093
002508,2022,a7bd5ba247f9858ac9611166.pdf,149877,,,,,,,,1351
002508,2023,8b71415392911afb8ba4f61d.pdf,155063,,,,,,,,4484
002558,2016,7e151662e0b1762407e9a4fd.pdf,137674,,,18.78,,,,,
002677,2015,4fa19dad539706bdd55508c6.pdf,121224,"2,085.31万元","2,085.31万元",4.03,,,,,141
002677,2016,3d3ce881900468b88f16d558.pdf,124223,"2,567.85万元","2,567.85万元",3.86,,,,,142
002677,2017,79e5220974679fbfa5217345.pdf,123925,"3,343.78万元","3,343.78万元",3.26,,,,,139
002677,2018,53fca27b9e75a04f1f168291.pdf,127559,"4,076.78万元","4,076.78万元",2.91,,,,,151
002677,2019,2f9540648882fc63c0cbcb10.pdf,126108,"5,092.62万元","5,092.62万元",24.92,,,,,154
002677,2020,d1694c21269c21e5e7e4ecf1.pdf,125899,"5,427.69万元","5,427.69万元",3.07,,,,,154
002677,2021,4840f8863505bf9c7176901a.pdf,132577,,,,,,,,166
002677,2022,f375432146ba7cbe047fc20c.pdf,136650,,,,,,,,11
002677,2023,cd6e42adfb5b9c51a873e3d7.pdf,142682,,,,,,,,11
002739,2021,9ed5a7923b8285d88d4619a6.pdf,143712,,,,,,400,,
002847,2016,9837208b367e2dc09b1ccbd8.pdf,128905,,,,,,,,3
002847,2016,1782826489ceb2904cbd88cb.pdf,128744,,,,,,,,3
002847,2016,757dd122bb60f8099b629490.pdf,129157,,,,,,,,3
002847,2016,3a1d17294eb2903c63a5494b.pdf,121632,,,,,,,,3
002847,2017,994e55f0aba657dc9bb14050.pdf,141775,,,,,"43,173.62万元",,,3
002847,2018,e8092a1b9c521c67d5ca23b5.pdf,149457,,,,,"59,015.45万元",,,3
002847,2019,d5de7b89db12510d28016ca6.pdf,149884,,,,,"74,818.84万元",,,3
002847,2020,ce2879484dd242284252ef99.pdf,174784,,,,,"96,897.97 万元",,,42
002847,2021,e1a9768de8fcb92e1c488175.pdf,175477,,,,,,,,48
002847,2022,a77eadf823e7dc49989cd237.pdf,178744,,,,,,,,49
002847,2023,699398fc2c10990db921512c.pdf,188038,,,,,,,,16
002963,2019,c54047763b9a68c88e4f3c37.pdf,134693,,,,,,,,1
002963,2020,c272fef1c18ace40b64e574c.pdf,141454,,"29,516,704.20元",,,,,,4
002963,2021,1c836dac43d16d2b0363d42e.pdf,144222,,,,,,,,1
002963,2022,4c834e72cb3c6b665504e190.pdf,156637,,,,,,,,4
002963,2023,994d1c73311faf7228a9247e.pdf,165414,,,,,,,,5
300002,2015,68060abf70916c777a550b0c.pdf,150812,,,,,,2000,,10
300002,2016,66ef71d1164d774abf249e45.pdf,151965,,,,,,8,,123
300002,2016,d40a21669a620e352023f9a9.pdf,154452,,,,,,8,,123
300002,2017,adbdee4e6209c6ce9ecd37bb.pdf,147750,,,,,,,,14
300002,2018,deab7f67d21c96f432629394.pdf,141696,,"102,446,959.62元",,,"273,604,713.99元",,,14
300002,2019,3f7801135243dc7e734eac5f.pdf,154890,,"50,843,483.64元",,,,,,14
300002,2020,2640592a18d756c36e3ef098.pdf,146245,,,,,,,,"1,443"
300002,2021,d90f123164090e21667b259c.pdf,141431,,,,,,100,,"1,450"
300002,2022,ce306d22f0a929ca6f2e9e61.pdf,143540,,,,,,,,"1,552"
300002,2023,b52db3046909efb02ee5fd57.pdf,147876,,,,,,,,"1,639"
300080,2015,68c6d2e3733070ec270c5671.pdf,138848,,,,,,1874,,43
300080,2016,b6903c1426c929d9e55dcc6e.pdf,145895,,,,,"6,784.21 万元",,,35
300080,2017,c1b0033d4261a6bd02bd7929.pdf,156359,,,,,"27,059.31万元",,,56
300080,2018,0514c8a5acb4672fee88a496.pdf,152117,"8,822.76万元",,,,"42,139.98 万元",,,126
300080,2019,74aa4e1a05cfdda770c9a6e8.pdf,144018,"21,079.75万元",,,,,,,187
300080,2020,e889f3f2516a1b49a1d332bd.pdf,145054,"161,806,503.97元",,,,,,,20
300080,2021,dd0448dd113c88125a45b697.pdf,142013,,,,,,,,103
300080,2022,a46da9dd3a844257a8bb420a.pdf,157333,,,,,,4672,,5
300080,2023,883608f3d8850f152806cbc7.pdf,171485,,,,,,,,53
300196,2015,141fba707d38a5d2fdea0887.pdf,119554,,"2,348.88万元",,,,,,
300196,2016,29d3e34272b2a8a34202a61a.pdf,123794,,167.95万元,,,,,,
300196,2017,a7af8c873fde22c86afda6ef.pdf,119274,,616.88万元,,,,,,
300196,2018,775ec84125b2d66e70819900.pdf,118800,,"1,714.21万元",,,,,,
300196,2018,9a8c830468177f60df8c6391.pdf,118156,,"1,714.21万元",,,,,,
300196,2019,37b27e5a0ca68344e649d2cd.pdf,120707,,793.58万元,,,,,,
300196,2020,91796c648ae2d7ccca9d9f18.pdf,122181,"83,706,875.17元",,4.10,,,,,33
300196,2020,9a93edc4d52f9e5b51ce59c1.pdf,122198,"83,706,875.17元",,4.10,,,,,33
300196,2020,6fe883b90b3592bbc46012e6.pdf,122266,"83,706,875.17元",,4.10,,,,,33
300196,2023,a676c5046ea5808919f6e2ea.pdf,135907,,"13,189.00 万元",,,,,,41
300246,2015,531be4c5f9d81d94ab5eae9d.pdf,132732,,,19,,593.35 万元,,,57
300246,2016,ee5bfa01e9877cb26e161251.pdf,161129,"3,395.18万元","3,395.18万元",31.76,,"2,602.21 万元",,,150
300246,2017,a843545028e42e3eb0118fc1.pdf,161896,"3,751.34万元",,10.49,,"2,884.00 万元",,,22
300246,2018,b9755f68c53344bd486fe025.pdf,164697,"4,660.74万元",,24.24,,"5,378.14 万元",,,30
300246,2019,7b3ec9ddc756aa6ec5140fa0.pdf,152541,"5,190.29万元",,11.36,,"5,903.29 万元",,,30
300246,2020,3e6e0227817c12cf4ff6740e.pdf,161528,"6,271.93万元",,20.84,,"7,199.03 万元",,,34
300246,2020,86c85ee71f13a743077a8fd6.pdf,161602,"6,271.93万元",,20.84,,"7,199.03 万元",,,34
300246,2021,adfa97559f995559e0a6c467.pdf,169720,"7,743.60万元",,23.46,,,,,40
300246,2022,b64b38919ab21ad29d5c36d6.pdf,196948,"9,063.14 万元",,17.04,,,,,45
300246,2023,08be917add9be5e0d40f7a7c.pdf,199203,"9,335.48 万元",,3,,,,,53
300343,2019,e8f1cd5aaa44641b28061b22.pdf,132100,,,,,,,,63
300343,2019,f55e0935e0a2fc461d8bd629.pdf,126849,,,,,,,,63
300343,2020,e4d030c753844a03cc4903f0.pdf,131567,,,,,,,,51
300343,2021,7be7ac49b574ef9dab35c84f.pdf,147990,,,,,,,,51
300343,2022,446b051121a011065ec837ee.pdf,145322,,,,,,,,92
300343,2023,90183147b298f256f9c15448.pdf,154449,,,,,,,,82
300410,2015,92c4556fd842923613753d51.pdf,151774,"2,105.79万元",,23.51,,,,,115
300410,2015,28d4e6f10595f7ec678cf1e1.pdf,153035,"2,105.79万元",,23.51,,,,,115
300410,2016,022c8fa09fe976cb8f52082c.pdf,145544,3676.07万元,,6,,,,,
300410,2017,7d8d3b453df2a041eb2e00ff.pdf,169871,"6,532.27万元",,5.16,,,,,
300410,2018,feaca474300b3c096e473dcc.pdf,167394,"11,778.36万元",,8.24,,,,,
300410,2019,50a571481fb10b1dae47c7c9.pdf,167629,"12,134.50 万元",,11.60,,"4,444.97
万元",,,
300410,2020,9f68cff22b36e566392f72e9.pdf,162787,"11,211.70万元",,9.36,,"4,444.97
万元",,,
300410,2021,75a7956d5d9c80cfba2e723f.pdf,143917,"110,661,848.83元",,,,,,,
300450,2015,9356caf8a8fe057715107db0.pdf,129805,,,,,,1252,127,24
300450,2016,64032e846088d19b876a5513.pdf,127575,,,,,1640.68 万元,,,29
300450,2017,ae5e95621d53a9674b1baa98.pdf,108486,,,,,,,,119
300450,2018,52f8c01fcce5b422692fb77e.pdf,143165,,"283,664,752.03元",,,"121,255,561.43元",,1193,194
300450,2019,27566078c9051a32148db305.pdf,125009,,,,,,,2192,381
300450,2020,36aa2e391c1be7bec9ead176.pdf,125795,,,,,,,,556
300450,2021,af9846f9946ac3b37c0a7128.pdf,119152,,,,,,,,419
300450,2022,47c96fb6a5b20fce33681a38.pdf,150412,,,,,,,,49
300450,2023,406b83e68fb32489f0ed38e0.pdf,159223,,,,,,,,421
300461,2015,93dd2b4e088f6c8d84cf1851.pdf,111518,,,,,,,,126
300461,2016,678af727bb1a725a9e11e0e5.pdf,135030,,,,,,,,128
300461,2016,18398821fa6f993ea752a9f0.pdf,134968,,,,,,,,128
300461,2017,bd9f6a2ee827996c1ff15638.pdf,138126,,,,,,,,142
300461,2023,42470e0321109f39da67c8bf.pdf,149030,2876.85 万元,,53.44,,,,,378
300531,2016,b2763331a62d4fd9adc9b5a4.pdf,153519,,,,,,,217,23
300531,2017,3a1ec4ef9e368b5f3c178a60.pdf,168255,,,,,,,284,31
300531,2018,55800abb2abc3892d6b50797.pdf,169885,,,,,,,301,36
300531,2019,120e7bf1f160e7ede19d445b.pdf,175554,,,,,,,,58
300531,2020,ecfec8c39673d8375ddb0470.pdf,174372,,,,,,,,65
300531,2021,be09c89ff797b090b383b5f6.pdf,174839,,,,,,70,,102
300531,2022,236efca0af1c3071bdaaface.pdf,191129,,,,,,,,438
300586,2016,86b8330782a1d2b0d11757c9.pdf,92980,,,,,"18,154,552.38 元",,,
300586,2017,9fb538f643935d1dfac3e5c8.pdf,121594,"1,612.44万元",,3.47,,"197,459.94元",,,
300586,2018,6cab9196599edd59aa101891.pdf,133558,"1,953.38万元",,3.35,,"271,938.07元",,,
300586,2019,4edea1e7e6671a10785c0fcf.pdf,142648,"4,995.96万元",,3.96,,,,,4
300586,2019,f51bc497a8d4342656235168.pdf,142643,"4,995.96万元",,3.96,,,,,4
300586,2020,af16b35a18948f1d50c81f43.pdf,150382,"5,039.92万元",,3.32,,,,,4
300586,2021,1e5c6c00de5f28fe7180c895.pdf,147426,,,,,,,,6
300586,2022,bac4a4370105f917fbf56b08.pdf,166752,,,,,,,,14
300586,2023,1ae8f3eacf40d600739527b8.pdf,168526,,,,,,,,15
300592,2016,f1bb7f5172b85ea4cff9ca88.pdf,130666,,,,,,,,6
300592,2017,0618b6c7a26356730fa45671.pdf,141333,,,,,,,,30
300592,2018,807ea0cd6d82d02a83981e21.pdf,143313,,,,,6229.57 万元,,,9
300592,2019,ff3cdc684bf24296ee6216f0.pdf,142660,,"1,733.01万元",,,,,,44
300592,2020,dc11ef5e51482cfbf4c4c21d.pdf,148608,,710.81万元,,,,,,24
300592,2021,f4550f75cd4f2c5f6791183e.pdf,144574,,"2,891.62万元",,,,,,
300592,2022,19d97c1c19f9d3806494e421.pdf,159079,,"5,174.26 万元",,,,,,28
300592,2023,d496d120c609783ef46f1f7d.pdf,166972,,,,,,,,11
300618,2017,155dde8e2a33b0dde5738980.pdf,112746,,2401.18万元,,,,,,6
300618,2018,60d8bb06a250a0f5d94c3a5d.pdf,128134,,4085.48万元,,,"10,396.04 万元",,,1
300618,2019,56059dbb82bd421ff09019ed.pdf,145290,,"4,134.38万元",,,"61,930.90 万元",,,2
300618,2020,78f7db6bf3a33f59b02c3a34.pdf,154183,,"3,732.66万元",,,"43,128.258 万元",,,11
300618,2021,0f52e36932854e37aa7098fd.pdf,146797,,,,,,,,4
300618,2022,a1d05e95362260c045e02fc6.pdf,156454,,,,,,,,12
300618,2023,bf016eeaf7f4f399e43961ef.pdf,162616,,,,,,,,5
300693,2017,d128d489137d9286dd5a3c31.pdf,124443,"42,773,293.01元",,9.48,,,,,71
300693,2018,c395291241d81886431f6d0e.pdf,148110,4830.39万元,4830.39万元,9,,,,,6
300693,2019,d7c5466ab7a3be7cc49bd0f6.pdf,139932,6376.55万元,6376.55万元,9,,,,,14
300693,2020,8f742d54c8ba48f04a0afadb.pdf,137698,"8,038.53万元","8,038.53万元",9,,,,,7
300693,2021,80e21bbc6a0f27cadfddee0a.pdf,134340,"11,347.69万元","11,347.69万元",9,,,,,
300693,2022,a4c8185a08569a5c16ab6cb0.pdf,143380,"14,797.45 万元","14,797.45 万元",9,,,,,
300693,2023,c2e895e4e2bdaf87f58c4f8f.pdf,141921,23100.11 万元,23100.11 万元,9,,,,,
300735,2017,86648fbb499e1bd004ab09aa.pdf,120611,,,,,"2,791.53 万元",,,6
300735,2018,a835c6747a854c5feaf45496.pdf,121228,,,,,"4,416.37 万元",,,9
300735,2019,51df83f49e955cfee31f7294.pdf,123618,,,,,"3,472.74 万元",,,21
300735,2020,01c3b4966d6877de61b13727.pdf,125360,,,,,,,,10
300735,2020,e1f5b60d1118a80bb337b52c.pdf,125468,,,,,,,,10
300735,2021,e2e6aa44f28b14ad514357a0.pdf,134024,,,,,,,,12
300735,2022,755a7b17657dfc575a51814c.pdf,137876,,,,,,,,16
300735,2023,b73758eb5e49d019c4b5b820.pdf,138554,,,,,,,,19
300770,2019,f75406081eaf2a2481c144fb.pdf,124715,,,,,470.25 万元,,,
300770,2020,eb1bad2f0aa67a1cfd88fe3d.pdf,135114,,,,,162.97 万元,,,
300770,2021,67ab58f15a87b4ee60bcea3d.pdf,143093,,,,,,,,44
300770,2022,4d48e6c090272239cd798c64.pdf,146038,,,,,,,,54
300770,2023,458d016fd6cfa5277022abf6.pdf,152600,,,,,,,,59
300785,2019,8968a727a8337231197a610a.pdf,144991,"10,748.39万元",,48.88,,,,,
300785,2020,46ebcca5ef2d75a4b599a3f2.pdf,153558,,,14.50,,,,,127
300785,2021,63a96c6f0bbfd684cdb8c263.pdf,145170,,,,,,,,7
300785,2022,e65d6941c4d629a69bc3c2fa.pdf,161865,,,,,,,,10
300785,2023,eaebb6f4f757da03453170d4.pdf,150583,,,,,,,,2
300856,2020,e80a3cebc136304581a4b427.pdf,151492,,,,,,,,23
300856,2021,af54d2d3b4436fe0768133ef.pdf,165735,,,,,,,,14
300856,2022,52b1fafae5cf944596b05f16.pdf,164731,,,,,,,,20
300856,2023,afd2f59b82aa1fbcea3af3cf.pdf,172352,,,,,,,,46
300896,2020,9ad7baff7e1af44edbac6bd1.pdf,111216,,,8.71,,,,91,41
300896,2020,0458b8b7269abe3daba62bfe.pdf,111144,,,8.71,,,,91,41
300896,2020,4c95ceb8ecf2372c911f9520.pdf,110776,,,8.71,,,,91,41
300896,2021,7fbd844befd895211b5158cf.pdf,140361,,,7.07,,,,,45
300896,2022,5b19c7f5f103f2ad0bc81ff0.pdf,158450,,,8.93,,,8346,,49
300896,2023,99cb75fa6e05a820af9c188f.pdf,157849,,,8.72,,,353,,42
300979,2021,a91e5e700cb237bb099ef1c0.pdf,160495,,,,,,,,39
300979,2022,4360f37ceb32d7e29fb6829b.pdf,177120,,,,,,,,22
300979,2023,0ecc7f364af15adac5ef8f52.pdf,174941,,,,,,,,13
