code,year,found_core_competitiveness,found_suppliers,found_capacity,found_contract,patent_count,supplier_concentration,customer_concentration,gross_margin_mean,gross_margin_std,rd_expense,certification_count,text_len,file_path
000036,2016,False,False,False,True,,,,,,,1,16503,/Users/bessie/codex/Long_Toll_Road /回测/industry_pit/extracted-quarterly/000036/2016/02009277ee2f468f67cac9b0.txt.gz
000036,2017,False,False,False,True,,,,,,,1,6314,/Users/bessie/codex/Long_Toll_Road /回测/industry_pit/extracted-quarterly/000036/2017/1305b5c6091ffa7a43f3e04c.txt.gz
000036,2018,False,False,False,True,,,,,,,1,8387,/Users/bessie/codex/Long_Toll_Road /回测/industry_pit/extracted-quarterly/000036/2018/01e0649f8f99e2109f0a7c3e.txt.gz
000036,2019,False,False,False,True,,,,,,,1,19524,/Users/bessie/codex/Long_Toll_Road /回测/industry_pit/extracted-quarterly/000036/2019/13d059a14d39fa9d31ff14d5.txt.gz
000036,2020,False,False,False,True,,,,,,,1,7018,/Users/bessie/codex/Long_Toll_Road /回测/industry_pit/extracted-quarterly/000036/2020/67fd4294ad18581ca417131c.txt.gz
000036,2021,False,False,False,True,,,,,,,2,13102,/Users/bessie/codex/Long_Toll_Road /回测/industry_pit/extracted-quarterly/000036/2021/14d3d4553d630cbc489e7b40.txt.gz
000036,2022,False,False,False,True,,,,,,,3,10501,/Users/bessie/codex/Long_Toll_Road /回测/industry_pit/extracted-quarterly/000036/2022/17ce3a19788d8331f4734ab8.txt.gz
000036,2023,False,False,False,True,,,,,,,2,10216,/Users/bessie/codex/Long_Toll_Road /回测/industry_pit/extracted-quarterly/000036/2023/3cb6d393d90b13d7f6f81602.txt.gz
000036,2024,False,False,True,True,,,,,,,2,11830,/Users/bessie/codex/Long_Toll_Road /回测/industry_pit/extracted-quarterly/000036/2024/4ba8b850b0929f2905b68cef.txt.gz
000048,2016,False,False,False,True,,,,,,,1,21708,/Users/bessie/codex/Long_Toll_Road /回测/industry_pit/extracted-quarterly/000048/2016/15dbe7d53ac3d984e4351437.txt.gz
000048,2017,False,False,True,True,,,,,,,0,173536,/Users/bessie/codex/Long_Toll_Road /回测/industry_pit/extracted-quarterly/000048/2017/6d1b54281e591be3f0f97ef0.txt.gz
000048,2018,False,False,True,True,,,,7.77,0.4,,0,19653,/Users/bessie/codex/Long_Toll_Road /回测/industry_pit/extracted-quarterly/000048/2018/19dcf5a676e71be7419cfb1c.txt.gz
000048,2019,True,False,False,True,,,,,,,1,9254,/Users/bessie/codex/Long_Toll_Road /回测/industry_pit/extracted-quarterly/000048/2019/638648e55c7258f0c0060aaf.txt.gz
000048,2020,True,False,True,True,,,,,,,3,21168,/Users/bessie/codex/Long_Toll_Road /回测/industry_pit/extracted-quarterly/000048/2020/02f7571c75a803e88361ff53.txt.gz
000048,2021,False,False,True,True,,,,,,,5,6462,/Users/bessie/codex/Long_Toll_Road /回测/industry_pit/extracted-quarterly/000048/2021/00a45072601f1fc84c4731de.txt.gz
000048,2022,True,False,True,True,,,,20.79,13.03,,3,11416,/Users/bessie/codex/Long_Toll_Road /回测/industry_pit/extracted-quarterly/000048/2022/521f84e94db3c2196c8b003f.txt.gz
000048,2023,False,False,True,True,,,,77.48,31.84,,3,146245,/Users/bessie/codex/Long_Toll_Road /回测/industry_pit/extracted-quarterly/000048/2023/3f51834f25e9dd1e60af4487.txt.gz
000048,2024,False,False,False,True,,,,,,,3,11455,/Users/bessie/codex/Long_Toll_Road /回测/industry_pit/extracted-quarterly/000048/2024/2d0244fce3cbe4a3e3b11431.txt.gz
000636,2016,True,False,True,True,,,,,,,3,126747,/Users/bessie/codex/Long_Toll_Road /回测/industry_pit/extracted-quarterly/000636/2016/3b35a9d6134ebaf261cda8c7.txt.gz
000636,2017,True,False,True,True,,,,,,,3,6680,/Users/bessie/codex/Long_Toll_Road /回测/industry_pit/extracted-quarterly/000636/2017/04e409ba3e9c4697868f9c63.txt.gz
000636,2018,True,False,True,True,,,,,,,4,7963,/Users/bessie/codex/Long_Toll_Road /回测/industry_pit/extracted-quarterly/000636/2018/1aacddb691aee552c2937355.txt.gz
000636,2019,True,False,False,True,,,,39.73,15.17,,4,22830,/Users/bessie/codex/Long_Toll_Road /回测/industry_pit/extracted-quarterly/000636/2019/0dac3d1fac1958ae1bd544cf.txt.gz
000636,2020,True,False,True,True,,,,,,,4,150875,/Users/bessie/codex/Long_Toll_Road /回测/industry_pit/extracted-quarterly/000636/2020/0a49338a38b325b82fa6c8ab.txt.gz
000636,2021,True,False,True,True,,,,31.25,2.26,,4,16722,/Users/bessie/codex/Long_Toll_Road /回测/industry_pit/extracted-quarterly/000636/2021/3042142a2725fb41d525bb49.txt.gz
000636,2022,True,False,True,True,,,,,,,4,11133,/Users/bessie/codex/Long_Toll_Road /回测/industry_pit/extracted-quarterly/000636/2022/2316722b7bacf4ffc43c67b2.txt.gz
000636,2023,True,False,False,True,,,,,,,4,11283,/Users/bessie/codex/Long_Toll_Road /回测/industry_pit/extracted-quarterly/000636/2023/3270cd49c3f39d2f4c1c4174.txt.gz
000636,2024,True,False,True,True,,,,,,,3,148133,/Users/bessie/codex/Long_Toll_Road /回测/industry_pit/extracted-quarterly/000636/2024/1526e113771ea81f180b91f5.txt.gz
000663,2016,True,False,True,True,,,,,,,2,130787,/Users/bessie/codex/Long_Toll_Road /回测/industry_pit/extracted-quarterly/000663/2016/0f3e49edcd021abd0650a2b0.txt.gz
000663,2017,True,False,False,True,,,,,,,4,27872,/Users/bessie/codex/Long_Toll_Road /回测/industry_pit/extracted-quarterly/000663/2017/2bcde80bfed83cc37e944d98.txt.gz
000663,2018,True,False,False,True,,,,,,,3,30681,/Users/bessie/codex/Long_Toll_Road /回测/industry_pit/extracted-quarterly/000663/2018/0dd213b0273f55768e86c476.txt.gz
000663,2019,True,False,False,True,,,,,,,3,6077,/Users/bessie/codex/Long_Toll_Road /回测/industry_pit/extracted-quarterly/000663/2019/12c85dac27273236c04797be.txt.gz
000663,2020,True,False,True,True,,,,,,,3,168312,/Users/bessie/codex/Long_Toll_Road /回测/industry_pit/extracted-quarterly/000663/2020/0621c905b1617790e23c050f.txt.gz
000663,2021,True,False,False,True,,,,50.94,20.26,,2,10224,/Users/bessie/codex/Long_Toll_Road /回测/industry_pit/extracted-quarterly/000663/2021/437c616ef8d1ddc21c4f234f.txt.gz
000663,2022,True,False,True,True,,,,,,,3,10143,/Users/bessie/codex/Long_Toll_Road /回测/industry_pit/extracted-quarterly/000663/2022/3fe5d1069508254b424b6959.txt.gz
000663,2023,True,False,True,True,,,,,,,4,12024,/Users/bessie/codex/Long_Toll_Road /回测/industry_pit/extracted-quarterly/000663/2023/0218e3c5f218087ad6d8c816.txt.gz
000663,2024,True,False,True,True,,,,,,,4,161888,/Users/bessie/codex/Long_Toll_Road /回测/industry_pit/extracted-quarterly/000663/2024/352972832f9ece81364693df.txt.gz
000791,2016,True,False,False,True,,,,,,,3,20185,/Users/bessie/codex/Long_Toll_Road /回测/industry_pit/extracted-quarterly/000791/2016/4700a11eb6396557cd048909.txt.gz
000791,2017,False,False,False,True,,,,,,,2,14628,/Users/bessie/codex/Long_Toll_Road /回测/industry_pit/extracted-quarterly/000791/2017/5f105399ee432d00c49befc9.txt.gz
000791,2018,False,False,True,True,,,,,,,3,5567,/Users/bessie/codex/Long_Toll_Road /回测/industry_pit/extracted-quarterly/000791/2018/11f32da511d387dfe9693ca9.txt.gz
000791,2019,False,False,True,True,,,,,,,2,120480,/Users/bessie/codex/Long_Toll_Road /回测/industry_pit/extracted-quarterly/000791/2019/67a797251d356a16804329ba.txt.gz
000791,2020,False,False,True,True,,,,,,,1,115008,/Users/bessie/codex/Long_Toll_Road /回测/industry_pit/extracted-quarterly/000791/2020/19abc610f1ba5f9cf7bdb7c7.txt.gz
000791,2021,False,False,True,True,,,,,,,2,120306,/Users/bessie/codex/Long_Toll_Road /回测/industry_pit/extracted-quarterly/000791/2021/43f57f54d90375b27704a431.txt.gz
000791,2022,False,False,True,True,,,,,,,3,15349,/Users/bessie/codex/Long_Toll_Road /回测/industry_pit/extracted-quarterly/000791/2022/4890adc6e24f7123bdd45044.txt.gz
000791,2023,False,False,True,True,,,,,,,3,135775,/Users/bessie/codex/Long_Toll_Road /回测/industry_pit/extracted-quarterly/000791/2023/45fff565698f45e5c9492c8d.txt.gz
000791,2024,False,False,True,True,,,,,,,2,20666,/Users/bessie/codex/Long_Toll_Road /回测/industry_pit/extracted-quarterly/000791/2024/1bc2d3b5391778e2d401c7cc.txt.gz
000799,2016,True,False,False,True,,,,,,,1,105264,/Users/bessie/codex/Long_Toll_Road /回测/industry_pit/extracted-quarterly/000799/2016/20d84e30022787bead7dc6a4.txt.gz
000799,2017,True,False,False,True,,,,,,,0,4221,/Users/bessie/codex/Long_Toll_Road /回测/industry_pit/extracted-quarterly/000799/2017/14af144c0c18841eeeacdb11.txt.gz
000799,2018,True,False,False,True,,,,86.22,11.19,,2,13523,/Users/bessie/codex/Long_Toll_Road /回测/industry_pit/extracted-quarterly/000799/2018/19d30f4f32859ee3114051da.txt.gz
000799,2019,False,False,False,True,,,,,,,2,17454,/Users/bessie/codex/Long_Toll_Road /回测/industry_pit/extracted-quarterly/000799/2019/2ad8a2f1d03f56dc91005c2c.txt.gz
000799,2020,False,False,False,True,,,,,,,2,4784,/Users/bessie/codex/Long_Toll_Road /回测/industry_pit/extracted-quarterly/000799/2020/3a298d122de6c38202641684.txt.gz
000799,2021,False,False,True,True,,,,,,,2,3850,/Users/bessie/codex/Long_Toll_Road /回测/industry_pit/extracted-quarterly/000799/2021/684e1e9c5d954aec01ecc2c8.txt.gz
000799,2022,False,False,True,True,,,,,,,2,9365,/Users/bessie/codex/Long_Toll_Road /回测/industry_pit/extracted-quarterly/000799/2022/55bdc0d917c98c1496261ac2.txt.gz
000799,2023,False,False,True,True,,,,,,,2,99325,/Users/bessie/codex/Long_Toll_Road /回测/industry_pit/extracted-quarterly/000799/2023/01e10cd3aecd13f000062041.txt.gz
000799,2024,False,False,True,True,,,,,,,2,105337,/Users/bessie/codex/Long_Toll_Road /回测/industry_pit/extracted-quarterly/000799/2024/873c76b4ee04346472822099.txt.gz
000810,2016,True,False,False,True,,,,,,,2,31638,/Users/bessie/codex/Long_Toll_Road /回测/industry_pit/extracted-quarterly/000810/2016/13511d1ec1a4965a521a8bae.txt.gz
000810,2017,True,False,True,True,,,,,,,4,169134,/Users/bessie/codex/Long_Toll_Road /回测/industry_pit/extracted-quarterly/000810/2017/079820d3b3ec672c4df0c847.txt.gz
000810,2018,True,False,True,True,,,,,,,4,19279,/Users/bessie/codex/Long_Toll_Road /回测/industry_pit/extracted-quarterly/000810/2018/4098343e1dc16ccada66518f.txt.gz
000810,2019,True,False,True,True,,,,,,,5,23815,/Users/bessie/codex/Long_Toll_Road /回测/industry_pit/extracted-quarterly/000810/2019/324a9064f74a519187a1d426.txt.gz
000810,2020,True,False,False,True,,,,,,,4,199198,/Users/bessie/codex/Long_Toll_Road /回测/industry_pit/extracted-quarterly/000810/2020/37d1d070855e9a7833590cbd.txt.gz
000810,2021,True,False,False,True,,,,16.31,0.2,"9,307.93 万元",4,17205,/Users/bessie/codex/Long_Toll_Road /回测/industry_pit/extracted-quarterly/000810/2021/0af17f695f9e4df58ec12f22.txt.gz
000810,2022,True,False,False,True,,,,23.58,11.14,,5,11279,/Users/bessie/codex/Long_Toll_Road /回测/industry_pit/extracted-quarterly/000810/2022/19ca8bc53f873841aed4cdfd.txt.gz
000810,2023,False,False,False,True,,,,16.84,0.28,,5,200766,/Users/bessie/codex/Long_Toll_Road /回测/industry_pit/extracted-quarterly/000810/2023/2dcdbff3320730b0508205ab.txt.gz
000810,2024,False,False,False,True,,,,30.85,28.86,,5,13196,/Users/bessie/codex/Long_Toll_Road /回测/industry_pit/extracted-quarterly/000810/2024/043ce3f7fd99ed3196ca14b3.txt.gz
000968,2016,True,False,True,True,,,,,,,1,16394,/Users/bessie/codex/Long_Toll_Road /回测/industry_pit/extracted-quarterly/000968/2016/12b354d072400f3d91a45b8f.txt.gz
000968,2017,True,False,False,True,,,,41.25,1.47,"7,852 万元",2,7736,/Users/bessie/codex/Long_Toll_Road /回测/industry_pit/extracted-quarterly/000968/2017/147501513e00667c39f83200.txt.gz
000968,2018,False,False,True,True,,,,,,,2,5252,/Users/bessie/codex/Long_Toll_Road /回测/industry_pit/extracted-quarterly/000968/2018/06b41c3fb12bd08a67a6a3c1.txt.gz
000968,2019,True,False,True,True,,,,,,,3,13481,/Users/bessie/codex/Long_Toll_Road /回测/industry_pit/extracted-quarterly/000968/2019/1d730dab536ab10f6cab5bca.txt.gz
000968,2020,True,False,True,True,,,,,,,3,22388,/Users/bessie/codex/Long_Toll_Road /回测/industry_pit/extracted-quarterly/000968/2020/23ba453371a627cca6200020.txt.gz
000968,2021,False,False,True,True,,,,,,,2,14926,/Users/bessie/codex/Long_Toll_Road /回测/industry_pit/extracted-quarterly/000968/2021/27f93c20ff25388493b7a80d.txt.gz
000968,2022,True,False,True,True,,,,,,4148.29 万元,2,9688,/Users/bessie/codex/Long_Toll_Road /回测/industry_pit/extracted-quarterly/000968/2022/4afa3ea4e83df8ada3641b5e.txt.gz
000968,2023,True,False,False,True,,,,,,,2,141825,/Users/bessie/codex/Long_Toll_Road /回测/industry_pit/extracted-quarterly/000968/2023/2c1d8c99ab4417e90a98762c.txt.gz
000968,2024,True,False,False,True,,,,,,4647.65 万元,2,149961,/Users/bessie/codex/Long_Toll_Road /回测/industry_pit/extracted-quarterly/000968/2024/9977e16c22ecce1c1fb276a8.txt.gz
000975,2016,True,False,False,True,,,,48.94,35.54,,3,12629,/Users/bessie/codex/Long_Toll_Road /回测/industry_pit/extracted-quarterly/000975/2016/0fb41f60c5767270610169bd.txt.gz
000975,2017,True,False,True,True,,,,41.51,49.64,,3,87827,/Users/bessie/codex/Long_Toll_Road /回测/industry_pit/extracted-quarterly/000975/2017/0da15031f5bc19700335f69c.txt.gz
000975,2018,True,False,True,True,,,,,,,3,8770,/Users/bessie/codex/Long_Toll_Road /回测/industry_pit/extracted-quarterly/000975/2018/13d185c1d3e2bd0896269973.txt.gz
000975,2019,True,False,True,True,,,,,,,2,40569,/Users/bessie/codex/Long_Toll_Road /回测/industry_pit/extracted-quarterly/000975/2019/322d394882542dc7a8b04540.txt.gz
000975,2020,True,False,True,True,,,,,,,2,138065,/Users/bessie/codex/Long_Toll_Road /回测/industry_pit/extracted-quarterly/000975/2020/19ebf8da21bab4e490b0b1cc.txt.gz
000975,2021,True,False,True,True,,,,,,,2,14596,/Users/bessie/codex/Long_Toll_Road /回测/industry_pit/extracted-quarterly/000975/2021/6b8cbbcae00c53fe5a00f207.txt.gz
000975,2022,True,False,True,True,,,,,,,2,128633,/Users/bessie/codex/Long_Toll_Road /回测/industry_pit/extracted-quarterly/000975/2022/07a14f9f227c6fad73dbdf54.txt.gz
000975,2023,True,False,True,True,,,,,,,2,11634,/Users/bessie/codex/Long_Toll_Road /回测/industry_pit/extracted-quarterly/000975/2023/206ca27a6799ca60c5c6ff37.txt.gz
000975,2024,True,False,True,True,,,,59.99,20.83,,3,12033,/Users/bessie/codex/Long_Toll_Road /回测/industry_pit/extracted-quarterly/000975/2024/80a29b1121d25a3531b9e4ac.txt.gz
001203,2021,True,False,True,True,,,,,,,2,11703,/Users/bessie/codex/Long_Toll_Road /回测/industry_pit/extracted-quarterly/001203/2021/283e029a373f815360e16b5e.txt.gz
001203,2022,True,False,True,True,,,,,,,2,11435,/Users/bessie/codex/Long_Toll_Road /回测/industry_pit/extracted-quarterly/001203/2022/161a8ac5764ba87a12c8f2ce.txt.gz
001203,2023,True,False,True,True,,,,,,,1,13277,/Users/bessie/codex/Long_Toll_Road /回测/industry_pit/extracted-quarterly/001203/2023/10880761593ac0afc83083f2.txt.gz
001203,2024,False,False,True,True,,,,58.25,6.58,,1,205496,/Users/bessie/codex/Long_Toll_Road /回测/industry_pit/extracted-quarterly/001203/2024/331d51c726f69030602804f8.txt.gz
002032,2016,True,False,False,True,,,,33.09,3.75,,4,16239,/Users/bessie/codex/Long_Toll_Road /回测/industry_pit/extracted-quarterly/002032/2016/3c1d1b8552a4424843c38799.txt.gz
002032,2017,True,False,False,True,,,,31.95,2.61,,3,14513,/Users/bessie/codex/Long_Toll_Road /回测/industry_pit/extracted-quarterly/002032/2017/0082d4c34ca26de8152ffa3c.txt.gz
002032,2018,True,False,False,True,,,,,,,4,20939,/Users/bessie/codex/Long_Toll_Road /回测/industry_pit/extracted-quarterly/002032/2018/1a23a7ef1c1c9f9001de0a71.txt.gz
002032,2019,True,False,False,True,,,,32.87,2.85,,4,25607,/Users/bessie/codex/Long_Toll_Road /回测/industry_pit/extracted-quarterly/002032/2019/65fcf2a7814d747d163e92c5.txt.gz
002032,2020,True,False,False,True,,,,19.3,12.4,,4,9096,/Users/bessie/codex/Long_Toll_Road /回测/industry_pit/extracted-quarterly/002032/2020/28ca9439b2e5882319b0aa4b.txt.gz
002032,2021,True,False,False,True,,,,27.04,1.64,,4,145102,/Users/bessie/codex/Long_Toll_Road /回测/industry_pit/extracted-quarterly/002032/2021/7e503ed0bc0c65a83a6aceea.txt.gz
002032,2022,True,False,False,True,,,10,26.11,0.82,,4,10090,/Users/bessie/codex/Long_Toll_Road /回测/industry_pit/extracted-quarterly/002032/2022/8925dc11cd828bc5391d63b1.txt.gz
002032,2023,True,False,False,True,,,8.55,26.53,1.43,,4,11799,/Users/bessie/codex/Long_Toll_Road /回测/industry_pit/extracted-quarterly/002032/2023/472336088772d9077a89fb9f.txt.gz
002032,2024,True,False,False,True,,,10,,,,4,153551,/Users/bessie/codex/Long_Toll_Road /回测/industry_pit/extracted-quarterly/002032/2024/4dd475ec563bc9d9a3beaf24.txt.gz
002098,2016,True,False,True,True,,,,,,,5,5941,/Users/bessie/codex/Long_Toll_Road /回测/industry_pit/extracted-quarterly/002098/2016/0a6a0a6de537fbeddd1e3109.txt.gz
002098,2017,True,False,False,True,,,,,,322.33万元,3,4074,/Users/bessie/codex/Long_Toll_Road /回测/industry_pit/extracted-quarterly/002098/2017/40bb40410981a3845b30e3b9.txt.gz
002098,2018,True,True,False,True,,11.53,,,,,4,14382,/Users/bessie/codex/Long_Toll_Road /回测/industry_pit/extracted-quarterly/002098/2018/18ebe6fe4849ecd7aa93f54d.txt.gz
002098,2019,True,False,False,True,,,,,,,4,154526,/Users/bessie/codex/Long_Toll_Road /回测/industry_pit/extracted-quarterly/002098/2019/0751719262f0ab727f025699.txt.gz
002098,2020,False,False,False,True,,,,,,,4,5726,/Users/bessie/codex/Long_Toll_Road /回测/industry_pit/extracted-quarterly/002098/2020/33f122eb72f9e0d7fe01179d.txt.gz
002098,2021,True,True,False,True,,13.38,,37.83,33.32,,4,23471,/Users/bessie/codex/Long_Toll_Road /回测/industry_pit/extracted-quarterly/002098/2021/3da7dacaf58c18dc4e46aa35.txt.gz
002098,2022,True,True,False,True,,24.15,,33.05,0.06,,3,11302,/Users/bessie/codex/Long_Toll_Road /回测/industry_pit/extracted-quarterly/002098/2022/3cf6e40236eebdcd9480884d.txt.gz
002098,2023,True,True,False,True,,14.09,,21.7,14.51,,4,11585,/Users/bessie/codex/Long_Toll_Road /回测/industry_pit/extracted-quarterly/002098/2023/1369e76616a4d4d61b9b832c.txt.gz
002098,2024,False,True,False,True,,21.55,,30.95,3.57,,3,14129,/Users/bessie/codex/Long_Toll_Road /回测/industry_pit/extracted-quarterly/002098/2024/5e059a355dbf6ef933e1bdcc.txt.gz
002128,2016,False,False,False,True,,,,,,,1,110224,/Users/bessie/codex/Long_Toll_Road /回测/industry_pit/extracted-quarterly/002128/2016/1777e4da838bd953098b10f0.txt.gz
002128,2017,False,False,True,True,,,,64.3,23.63,,1,21187,/Users/bessie/codex/Long_Toll_Road /回测/industry_pit/extracted-quarterly/002128/2017/04d99c7d8ba2f92d2f14bf58.txt.gz
002128,2018,False,False,True,True,,,,,,,2,6316,/Users/bessie/codex/Long_Toll_Road /回测/industry_pit/extracted-quarterly/002128/2018/0f6e35735cbec7ee26944c56.txt.gz
002128,2019,False,False,True,True,,,,38.46,21.13,,2,151689,/Users/bessie/codex/Long_Toll_Road /回测/industry_pit/extracted-quarterly/002128/2019/2be188fa869ee677fe8c216c.txt.gz
002128,2020,False,False,True,True,,,,,,,2,168306,/Users/bessie/codex/Long_Toll_Road /回测/industry_pit/extracted-quarterly/002128/2020/0b570ea6b6272442fa046ac7.txt.gz
002128,2021,True,False,True,True,,,,,,,2,16713,/Users/bessie/codex/Long_Toll_Road /回测/industry_pit/extracted-quarterly/002128/2021/a0748c7d4f18314aa7fdfb53.txt.gz
002128,2022,True,False,True,True,,,,49.58,0.86,,2,198462,/Users/bessie/codex/Long_Toll_Road /回测/industry_pit/extracted-quarterly/002128/2022/66f03a6a5187b7f6b1930606.txt.gz
002128,2023,True,False,True,True,,,,54.56,4.41,,2,204379,/Users/bessie/codex/Long_Toll_Road /回测/industry_pit/extracted-quarterly/002128/2023/2deb0467831f2b12e47d9cae.txt.gz
002128,2024,True,False,True,True,,,,,,,2,211499,/Users/bessie/codex/Long_Toll_Road /回测/industry_pit/extracted-quarterly/002128/2024/3edfea63f8baf1ddfe670803.txt.gz
002258,2016,True,False,True,True,,,,,,,3,111509,/Users/bessie/codex/Long_Toll_Road /回测/industry_pit/extracted-quarterly/002258/2016/15946454e23264129f8ad156.txt.gz
002258,2017,True,False,True,True,,,,,,,4,4770,/Users/bessie/codex/Long_Toll_Road /回测/industry_pit/extracted-quarterly/002258/2017/0b610b7373ab860008d7ffff.txt.gz
002258,2018,True,False,True,True,,,,,,,4,126826,/Users/bessie/codex/Long_Toll_Road /回测/industry_pit/extracted-quarterly/002258/2018/0bb361acde605b04ee67aaae.txt.gz
002258,2019,True,False,True,True,,,,,,,4,6096,/Users/bessie/codex/Long_Toll_Road /回测/industry_pit/extracted-quarterly/002258/2019/2feb1e7d5e7a3b02e4aa18c4.txt.gz
002258,2020,True,False,True,True,,,,,,,4,9942,/Users/bessie/codex/Long_Toll_Road /回测/industry_pit/extracted-quarterly/002258/2020/149b08a30816140f8d2452cb.txt.gz
002258,2021,True,False,True,True,,,,,,,4,153478,/Users/bessie/codex/Long_Toll_Road /回测/industry_pit/extracted-quarterly/002258/2021/077711fb1af3216c9182d358.txt.gz
002258,2022,True,False,True,True,,,,,,,4,10337,/Users/bessie/codex/Long_Toll_Road /回测/industry_pit/extracted-quarterly/002258/2022/161ff15f0228351542a1e176.txt.gz
002258,2023,True,False,True,True,,,,,,,3,142373,/Users/bessie/codex/Long_Toll_Road /回测/industry_pit/extracted-quarterly/002258/2023/0af50627f3a3aea0c0309480.txt.gz
002258,2024,True,False,True,True,,,,,,,4,147377,/Users/bessie/codex/Long_Toll_Road /回测/industry_pit/extracted-quarterly/002258/2024/01a769486e3a76e37698e161.txt.gz
002304,2016,False,False,False,True,,,,,,,0,7228,/Users/bessie/codex/Long_Toll_Road /回测/industry_pit/extracted-quarterly/002304/2016/1469ac40d84166753e989a2b.txt.gz
002304,2017,False,False,False,True,,,,,,,2,5179,/Users/bessie/codex/Long_Toll_Road /回测/industry_pit/extracted-quarterly/002304/2017/219b396f1fddd57f9e0f0dda.txt.gz
002304,2018,True,False,False,True,,,,,,,2,5133,/Users/bessie/codex/Long_Toll_Road /回测/industry_pit/extracted-quarterly/002304/2018/1ac619eb3a0b82d6b9c56869.txt.gz
002304,2019,False,False,False,True,,,,,,,3,14254,/Users/bessie/codex/Long_Toll_Road /回测/industry_pit/extracted-quarterly/002304/2019/2fc12b4cfb40c165fc7bb54b.txt.gz
002304,2020,True,False,False,True,,,,,,,4,33052,/Users/bessie/codex/Long_Toll_Road /回测/industry_pit/extracted-quarterly/002304/2020/3ad4fe00a343242e4a535e3a.txt.gz
002304,2021,True,False,True,True,,,,46.01,41.75,,3,10929,/Users/bessie/codex/Long_Toll_Road /回测/industry_pit/extracted-quarterly/002304/2021/75138dbb08d29d5815a910f4.txt.gz
002304,2022,True,False,True,True,,,,25.62,4.84,,3,11191,/Users/bessie/codex/Long_Toll_Road /回测/industry_pit/extracted-quarterly/002304/2022/38b61bb254678473b251789b.txt.gz
002304,2023,True,False,True,True,,,,47.3,42.0,,2,11131,/Users/bessie/codex/Long_Toll_Road /回测/industry_pit/extracted-quarterly/002304/2023/8f6a00c330c6d742d6b3cfe9.txt.gz
002304,2024,True,False,True,True,,,,41.48,35.57,,3,136830,/Users/bessie/codex/Long_Toll_Road /回测/industry_pit/extracted-quarterly/002304/2024/3f17e6ae624cbea5d3023acc.txt.gz
002432,2016,True,False,False,True,,,,,,,3,14287,/Users/bessie/codex/Long_Toll_Road /回测/industry_pit/extracted-quarterly/002432/2016/19e2484f314368bc56ec6080.txt.gz
002432,2017,True,False,False,True,,,,,,,2,8032,/Users/bessie/codex/Long_Toll_Road /回测/industry_pit/extracted-quarterly/002432/2017/2c8556f5c9b4f5244df7eede.txt.gz
002432,2018,True,False,False,True,,,,,,,4,5453,/Users/bessie/codex/Long_Toll_Road /回测/industry_pit/extracted-quarterly/002432/2018/22b49ac2646eb5db636ea334.txt.gz
002432,2019,True,False,False,True,,,,,,,2,4310,/Users/bessie/codex/Long_Toll_Road /回测/industry_pit/extracted-quarterly/002432/2019/0b7dd31f18cd53c01bd97b51.txt.gz
002432,2020,False,False,True,True,,,47.71,,,,3,5763,/Users/bessie/codex/Long_Toll_Road /回测/industry_pit/extracted-quarterly/002432/2020/25f7d645eba432406e469fb1.txt.gz
002432,2021,False,False,False,True,,,65.46,,,,3,16468,/Users/bessie/codex/Long_Toll_Road /回测/industry_pit/extracted-quarterly/002432/2021/6380d11e2e416210986e84ea.txt.gz
002432,2022,False,False,True,True,,,74.59,81.54,0.17,,5,153083,/Users/bessie/codex/Long_Toll_Road /回测/industry_pit/extracted-quarterly/002432/2022/a7595d43b75111a399174a7a.txt.gz
002432,2023,False,False,True,True,,,35.24,53.96,25.66,,5,11711,/Users/bessie/codex/Long_Toll_Road /回测/industry_pit/extracted-quarterly/002432/2023/16c298a0c07604c5b2a038f0.txt.gz
002432,2024,True,False,True,True,,,74.60,,,,3,13401,/Users/bessie/codex/Long_Toll_Road /回测/industry_pit/extracted-quarterly/002432/2024/44c63c9ace6b92eafd3ecf00.txt.gz
002460,2016,True,False,True,True,,,,31.73,8.18,,2,23167,/Users/bessie/codex/Long_Toll_Road /回测/industry_pit/extracted-quarterly/002460/2016/060ab2d8e57aa8353d040039.txt.gz
002460,2017,True,False,True,True,,,,,,,2,131089,/Users/bessie/codex/Long_Toll_Road /回测/industry_pit/extracted-quarterly/002460/2017/4a59c878b894a14219ee2de9.txt.gz
002460,2018,True,False,True,True,,,,,,,4,12925,/Users/bessie/codex/Long_Toll_Road /回测/industry_pit/extracted-quarterly/002460/2018/13132d7a7ef8b662cf45d053.txt.gz
002460,2019,True,False,True,True,,,,,,,3,20346,/Users/bessie/codex/Long_Toll_Road /回测/industry_pit/extracted-quarterly/002460/2019/0439ee3c371b2329a3140725.txt.gz
002460,2020,True,False,True,True,,,,,,,4,21374,/Users/bessie/codex/Long_Toll_Road /回测/industry_pit/extracted-quarterly/002460/2020/008839b9f0d3fef61fd5eb5c.txt.gz
002460,2021,True,False,True,True,,,,,,,3,12334,/Users/bessie/codex/Long_Toll_Road /回测/industry_pit/extracted-quarterly/002460/2021/0246fa26948a277ae903622a.txt.gz
002460,2022,True,False,True,True,,,,,,,5,16515,/Users/bessie/codex/Long_Toll_Road /回测/industry_pit/extracted-quarterly/002460/2022/3cdb0d28e8db287666f336d3.txt.gz
002460,2023,True,False,True,True,,,,,,,4,204412,/Users/bessie/codex/Long_Toll_Road /回测/industry_pit/extracted-quarterly/002460/2023/be95cf2a3d30f69a9ea13f10.txt.gz
002460,2024,True,False,True,True,,,,,,,4,13861,/Users/bessie/codex/Long_Toll_Road /回测/industry_pit/extracted-quarterly/002460/2024/1c5ee5839845dcab7d965099.txt.gz
002466,2016,True,False,False,True,,,,45.73,36.6,,4,20067,/Users/bessie/codex/Long_Toll_Road /回测/industry_pit/extracted-quarterly/002466/2016/25dc303b4ae4a8677219dcd1.txt.gz
002466,2017,True,False,True,True,,,,48.53,33.38,,3,8398,/Users/bessie/codex/Long_Toll_Road /回测/industry_pit/extracted-quarterly/002466/2017/45ef9413312829d1b331f036.txt.gz
002466,2018,True,False,True,True,,,,55.27,23.07,,4,22303,/Users/bessie/codex/Long_Toll_Road /回测/industry_pit/extracted-quarterly/002466/2018/058e73250859873de9381bc9.txt.gz
002466,2019,False,False,True,True,,,,40.63,46.68,,5,10689,/Users/bessie/codex/Long_Toll_Road /回测/industry_pit/extracted-quarterly/002466/2019/278f9b611d6446c913140183.txt.gz
002466,2020,False,False,True,True,,,,,,,4,31414,/Users/bessie/codex/Long_Toll_Road /回测/industry_pit/extracted-quarterly/002466/2020/0034c3310d832eb66b8c58fa.txt.gz
002466,2021,False,False,True,True,,,,,,,5,30352,/Users/bessie/codex/Long_Toll_Road /回测/industry_pit/extracted-quarterly/002466/2021/19fec2d670084f7231b5150d.txt.gz
002466,2022,False,False,True,True,,,,,,,6,15736,/Users/bessie/codex/Long_Toll_Road /回测/industry_pit/extracted-quarterly/002466/2022/6e1389ee3c05e977c1446201.txt.gz
002466,2023,False,False,True,True,,,,,,,6,12938,/Users/bessie/codex/Long_Toll_Road /回测/industry_pit/extracted-quarterly/002466/2023/37733402608aa79b91cb499e.txt.gz
002466,2024,False,False,True,True,,,,,,,7,17125,/Users/bessie/codex/Long_Toll_Road /回测/industry_pit/extracted-quarterly/002466/2024/6c62e1af746c89a624cf7628.txt.gz
002468,2016,True,False,False,True,,,,9.4,6.93,,6,18403,/Users/bessie/codex/Long_Toll_Road /回测/industry_pit/extracted-quarterly/002468/2016/379989c5cc6f6364afb2bf72.txt.gz
002468,2017,True,False,False,True,,,,,,,5,9455,/Users/bessie/codex/Long_Toll_Road /回测/industry_pit/extracted-quarterly/002468/2017/1ce793308426a207eccd88a9.txt.gz
002468,2018,False,False,False,True,,,,18.91,0.33,,4,19485,/Users/bessie/codex/Long_Toll_Road /回测/industry_pit/extracted-quarterly/002468/2018/316f56fd0210cdfa60414992.txt.gz
002468,2019,False,False,False,True,,,,,,,2,15732,/Users/bessie/codex/Long_Toll_Road /回测/industry_pit/extracted-quarterly/002468/2019/04231099b2fa4975a470df76.txt.gz
002468,2020,False,False,False,True,,,,,,,2,5381,/Users/bessie/codex/Long_Toll_Road /回测/industry_pit/extracted-quarterly/002468/2020/0d4e071ff471c3568d094eb5.txt.gz
002468,2021,False,False,True,True,,,,,,,2,14640,/Users/bessie/codex/Long_Toll_Road /回测/industry_pit/extracted-quarterly/002468/2021/366445b1f5e86482eb7adcdb.txt.gz
002468,2022,False,False,True,True,,,,,,,3,11494,/Users/bessie/codex/Long_Toll_Road /回测/industry_pit/extracted-quarterly/002468/2022/28bd8ebf6f73c0a189db55f4.txt.gz
002468,2023,False,False,True,True,,,,24.85,0.0,,3,149699,/Users/bessie/codex/Long_Toll_Road /回测/industry_pit/extracted-quarterly/002468/2023/06d8fadeb33505ab5f8ab5ef.txt.gz
002468,2024,False,False,True,True,,,,,,,3,174149,/Users/bessie/codex/Long_Toll_Road /回测/industry_pit/extracted-quarterly/002468/2024/0b7cb34c48cc036e41cb5748.txt.gz
002508,2016,True,False,False,True,,,,,,,4,5474,/Users/bessie/codex/Long_Toll_Road /回测/industry_pit/extracted-quarterly/002508/2016/5b4d5bde468a19e2ee020065.txt.gz
002508,2017,True,False,True,True,,,,,,,3,101477,/Users/bessie/codex/Long_Toll_Road /回测/industry_pit/extracted-quarterly/002508/2017/2a5d1cbbf90d2dc27daf129e.txt.gz
002508,2018,True,False,False,True,,,,,,,1,19453,/Users/bessie/codex/Long_Toll_Road /回测/industry_pit/extracted-quarterly/002508/2018/12ba6ca8e8bc385ec7f9dfbe.txt.gz
002508,2019,True,False,False,True,,,,,,,1,20110,/Users/bessie/codex/Long_Toll_Road /回测/industry_pit/extracted-quarterly/002508/2019/109b60d5dc9c94155c0e5875.txt.gz
002508,2020,True,False,False,True,,,,,,,3,14761,/Users/bessie/codex/Long_Toll_Road /回测/industry_pit/extracted-quarterly/002508/2020/19785aa7fbf911e2adec2a6f.txt.gz
002508,2021,True,False,False,True,,,,,,,2,15551,/Users/bessie/codex/Long_Toll_Road /回测/industry_pit/extracted-quarterly/002508/2021/8449cb5d2b1cbd981e9df68c.txt.gz
002508,2022,True,False,False,True,,,,,,,2,9151,/Users/bessie/codex/Long_Toll_Road /回测/industry_pit/extracted-quarterly/002508/2022/5936faa35d2ab86062133cba.txt.gz
002508,2023,True,False,False,True,,,,,,,2,9223,/Users/bessie/codex/Long_Toll_Road /回测/industry_pit/extracted-quarterly/002508/2023/26f118b8c5bbafae9451757c.txt.gz
002508,2024,True,False,False,True,,,,,,,3,138270,/Users/bessie/codex/Long_Toll_Road /回测/industry_pit/extracted-quarterly/002508/2024/38d6ac54ef8605e16c7f4b6b.txt.gz
002558,2016,False,False,False,False,,,,,,,4,11733,/Users/bessie/codex/Long_Toll_Road /回测/industry_pit/extracted-quarterly/002558/2016/1660c3afec2859db6d0dd690.txt.gz
002558,2017,True,False,False,True,,,,,,"30,753.62
万元",4,123372,/Users/bessie/codex/Long_Toll_Road /回测/industry_pit/extracted-quarterly/002558/2017/1b2930e8b75f6cc17f0cdfa9.txt.gz
002558,2018,True,False,False,True,,,,,,,3,16670,/Users/bessie/codex/Long_Toll_Road /回测/industry_pit/extracted-quarterly/002558/2018/0f5b8e426cc9d1f5bb112531.txt.gz
002558,2019,True,False,False,True,,,1.12,,,,4,22911,/Users/bessie/codex/Long_Toll_Road /回测/industry_pit/extracted-quarterly/002558/2019/2eaa68aa07fbbe28807e73b4.txt.gz
002558,2020,True,False,False,True,,,,,,,3,21866,/Users/bessie/codex/Long_Toll_Road /回测/industry_pit/extracted-quarterly/002558/2020/052aac6c2fe16b4a257b65f7.txt.gz
002558,2021,True,False,False,True,,,,,,,6,19674,/Users/bessie/codex/Long_Toll_Road /回测/industry_pit/extracted-quarterly/002558/2021/4a84e3ff751e99cb479d67e0.txt.gz
002558,2022,True,False,False,True,,,,,,,5,12005,/Users/bessie/codex/Long_Toll_Road /回测/industry_pit/extracted-quarterly/002558/2022/0e47b1b41549493640ad8abb.txt.gz
002558,2023,True,False,False,True,,,,,,,4,136846,/Users/bessie/codex/Long_Toll_Road /回测/industry_pit/extracted-quarterly/002558/2023/10572b366fc8fcdde1170905.txt.gz
002558,2024,True,False,False,True,,,,,,,4,12392,/Users/bessie/codex/Long_Toll_Road /回测/industry_pit/extracted-quarterly/002558/2024/629f90d6d07acb2f0f22d3c8.txt.gz
002677,2016,True,False,True,True,,,,,,,2,4957,/Users/bessie/codex/Long_Toll_Road /回测/industry_pit/extracted-quarterly/002677/2016/42966e779e69869140f9da19.txt.gz
002677,2017,True,False,True,True,,,,,,,1,19350,/Users/bessie/codex/Long_Toll_Road /回测/industry_pit/extracted-quarterly/002677/2017/522c557ef199b65134e0e798.txt.gz
002677,2018,True,False,True,True,,,,,,,2,16673,/Users/bessie/codex/Long_Toll_Road /回测/industry_pit/extracted-quarterly/002677/2018/15618c56fc7a259c5d28f529.txt.gz
002677,2019,True,False,True,True,,,,,,,3,23829,/Users/bessie/codex/Long_Toll_Road /回测/industry_pit/extracted-quarterly/002677/2019/3189c97052a24feea40d1aac.txt.gz
002677,2020,False,False,True,True,,,,,,"1,903.17万元",2,18600,/Users/bessie/codex/Long_Toll_Road /回测/industry_pit/extracted-quarterly/002677/2020/781c36e4cb391664051054f2.txt.gz
002677,2021,True,False,True,True,,,,53.58,0.0,"2,919.95万元",3,115294,/Users/bessie/codex/Long_Toll_Road /回测/industry_pit/extracted-quarterly/002677/2021/67788d0317f40ca70c94c5ef.txt.gz
002677,2022,True,False,True,True,,,,,,,2,118064,/Users/bessie/codex/Long_Toll_Road /回测/industry_pit/extracted-quarterly/002677/2022/1410f78b87cdd6ad53ac751e.txt.gz
002677,2023,True,False,False,True,,,,,,,1,115624,/Users/bessie/codex/Long_Toll_Road /回测/industry_pit/extracted-quarterly/002677/2023/62950ba58c31f8e6d6dc27de.txt.gz
002677,2024,True,False,False,True,,,,,,,1,125974,/Users/bessie/codex/Long_Toll_Road /回测/industry_pit/extracted-quarterly/002677/2024/08f2595205198df3bb327a50.txt.gz
002739,2016,True,False,False,True,,,,,,,2,16283,/Users/bessie/codex/Long_Toll_Road /回测/industry_pit/extracted-quarterly/002739/2016/1e787ddad6b70a39fd9ec443.txt.gz
002739,2017,True,False,False,True,,,,,,,2,15913,/Users/bessie/codex/Long_Toll_Road /回测/industry_pit/extracted-quarterly/002739/2017/3b51de908fe22c7cae2e0289.txt.gz
002739,2018,True,False,False,True,,,,,,,3,5625,/Users/bessie/codex/Long_Toll_Road /回测/industry_pit/extracted-quarterly/002739/2018/3cb93c8a2503e267960ccf11.txt.gz
002739,2019,True,False,False,True,,,,,,,1,4211,/Users/bessie/codex/Long_Toll_Road /回测/industry_pit/extracted-quarterly/002739/2019/4b8b09e289709859e9ccb23c.txt.gz
002739,2020,True,False,False,True,,,,,,,1,234417,/Users/bessie/codex/Long_Toll_Road /回测/industry_pit/extracted-quarterly/002739/2020/565d67446a8ebe2667cff5fc.txt.gz
002739,2021,True,False,False,True,,,,23.36,14.11,,1,268076,/Users/bessie/codex/Long_Toll_Road /回测/industry_pit/extracted-quarterly/002739/2021/4603c232bef3afe0247e45c6.txt.gz
002739,2022,True,False,False,True,,,,,,,1,12069,/Users/bessie/codex/Long_Toll_Road /回测/industry_pit/extracted-quarterly/002739/2022/827bca6e9c0df62809eb4b1c.txt.gz
002739,2023,True,False,False,True,,,,,,,2,190702,/Users/bessie/codex/Long_Toll_Road /回测/industry_pit/extracted-quarterly/002739/2023/09bef6301c0bbeaf64223a30.txt.gz
002739,2024,True,False,False,True,,,,,,,2,13766,/Users/bessie/codex/Long_Toll_Road /回测/industry_pit/extracted-quarterly/002739/2024/56eaf7601f40a7cddfe086c9.txt.gz
002847,2017,True,False,False,True,,,,,,,4,93411,/Users/bessie/codex/Long_Toll_Road /回测/industry_pit/extracted-quarterly/002847/2017/3b841c677efc9fa62f811cca.txt.gz
002847,2018,True,False,False,True,,,,,,,3,4078,/Users/bessie/codex/Long_Toll_Road /回测/industry_pit/extracted-quarterly/002847/2018/6bd48b975612ca5c7629d6f2.txt.gz
002847,2019,True,False,True,True,,,,,,,3,14915,/Users/bessie/codex/Long_Toll_Road /回测/industry_pit/extracted-quarterly/002847/2019/4bd8e273f80740d35cce5ace.txt.gz
002847,2020,True,False,True,True,,,,,,"1,315.37 万元",3,5052,/Users/bessie/codex/Long_Toll_Road /回测/industry_pit/extracted-quarterly/002847/2020/4a7304d44b9ebec1a7fe7a42.txt.gz
002847,2021,True,False,True,True,,,,,,,2,16595,/Users/bessie/codex/Long_Toll_Road /回测/industry_pit/extracted-quarterly/002847/2021/0fa101219dc4b41f3a8a4e6c.txt.gz
002847,2022,True,False,True,True,,,,,,,2,136105,/Users/bessie/codex/Long_Toll_Road /回测/industry_pit/extracted-quarterly/002847/2022/056d1fab8a99525f68c58f77.txt.gz
002847,2023,True,False,True,True,,,,44.96,16.38,,3,10379,/Users/bessie/codex/Long_Toll_Road /回测/industry_pit/extracted-quarterly/002847/2023/4a2a187c15ad36a810768de2.txt.gz
002847,2024,True,False,True,True,,,,33.2,5.7,,3,11166,/Users/bessie/codex/Long_Toll_Road /回测/industry_pit/extracted-quarterly/002847/2024/4b38e332dfc342b46653b394.txt.gz
002963,2020,True,False,False,True,,,,,,,4,32388,/Users/bessie/codex/Long_Toll_Road /回测/industry_pit/extracted-quarterly/002963/2020/5389e99e7cad9a152ab4e60a.txt.gz
002963,2021,True,False,False,True,,,,,,,5,6627,/Users/bessie/codex/Long_Toll_Road /回测/industry_pit/extracted-quarterly/002963/2021/a28a08379434624f21b25543.txt.gz
002963,2022,True,False,False,True,,,,,,,4,130269,/Users/bessie/codex/Long_Toll_Road /回测/industry_pit/extracted-quarterly/002963/2022/65c5bca26da193f81bfa8daf.txt.gz
002963,2023,True,False,False,True,,,,,,,3,123754,/Users/bessie/codex/Long_Toll_Road /回测/industry_pit/extracted-quarterly/002963/2023/60c7399157d7cdf937d2a363.txt.gz
002963,2024,True,False,False,True,,,,,,,3,9816,/Users/bessie/codex/Long_Toll_Road /回测/industry_pit/extracted-quarterly/002963/2024/167e2db668778601d6700ca2.txt.gz
300002,2016,False,False,False,True,,,,,,,4,27571,/Users/bessie/codex/Long_Toll_Road /回测/industry_pit/extracted-quarterly/300002/2016/1e82ce5d568bd04dd1bbf704.txt.gz
300002,2017,True,False,False,True,,,,,,,6,147566,/Users/bessie/codex/Long_Toll_Road /回测/industry_pit/extracted-quarterly/300002/2017/262dbf6acbbc9fb3caf76acf.txt.gz
300002,2018,True,False,False,True,,,,,,,5,22590,/Users/bessie/codex/Long_Toll_Road /回测/industry_pit/extracted-quarterly/300002/2018/058f0119691101cffefdcc61.txt.gz
300002,2019,True,False,False,True,,,,60.33,8.87,,5,27862,/Users/bessie/codex/Long_Toll_Road /回测/industry_pit/extracted-quarterly/300002/2019/35f6e835658cc12e6236a7e7.txt.gz
300002,2020,True,False,False,True,,,,74.17,56.39,,5,170631,/Users/bessie/codex/Long_Toll_Road /回测/industry_pit/extracted-quarterly/300002/2020/848e9b19249e8cd4cc5524f2.txt.gz
300002,2021,True,False,False,True,,,,61.45,20.57,,5,29416,/Users/bessie/codex/Long_Toll_Road /回测/industry_pit/extracted-quarterly/300002/2021/5d244d4364976f42a096a62b.txt.gz
300002,2022,True,False,False,True,,,,41.69,25.72,,4,166089,/Users/bessie/codex/Long_Toll_Road /回测/industry_pit/extracted-quarterly/300002/2022/1d94186b860a9a2dad9d08c0.txt.gz
300002,2023,True,False,False,True,,,,39.92,19.61,,5,12735,/Users/bessie/codex/Long_Toll_Road /回测/industry_pit/extracted-quarterly/300002/2023/5b20e523e01fb3b67c66defc.txt.gz
300002,2024,True,False,False,True,,,,28.64,17.45,,5,175011,/Users/bessie/codex/Long_Toll_Road /回测/industry_pit/extracted-quarterly/300002/2024/1a2953d470e60fbdd099c5fb.txt.gz
300080,2016,False,True,True,True,,46.46,,,,,2,123072,/Users/bessie/codex/Long_Toll_Road /回测/industry_pit/extracted-quarterly/300080/2016/0b8b975b55d848ff8b9dc473.txt.gz
300080,2017,False,False,True,True,,,,14.06,4.69,,4,145809,/Users/bessie/codex/Long_Toll_Road /回测/industry_pit/extracted-quarterly/300080/2017/4517e21c2a8d3e641581771e.txt.gz
300080,2018,True,True,True,True,,86.02,79.52,33.97,30.66,,3,19485,/Users/bessie/codex/Long_Toll_Road /回测/industry_pit/extracted-quarterly/300080/2018/03f52b825e318934654c2574.txt.gz
300080,2019,True,True,True,True,,92.21,93.58,,,,4,145385,/Users/bessie/codex/Long_Toll_Road /回测/industry_pit/extracted-quarterly/300080/2019/45401fe3945b7835f853a01e.txt.gz
300080,2020,False,False,True,True,,,,,,,3,167342,/Users/bessie/codex/Long_Toll_Road /回测/industry_pit/extracted-quarterly/300080/2020/bd4635364dd603e53005809b.txt.gz
300080,2021,False,False,True,True,,,,,,,3,168526,/Users/bessie/codex/Long_Toll_Road /回测/industry_pit/extracted-quarterly/300080/2021/758ac8afad6c5dfe28fc2bfb.txt.gz
300080,2022,True,False,True,True,,,,14.44,13.1,,3,14390,/Users/bessie/codex/Long_Toll_Road /回测/industry_pit/extracted-quarterly/300080/2022/5b0383a879dae135de94352a.txt.gz
300080,2023,True,False,True,True,,,1.7,17.81,8.33,,3,205920,/Users/bessie/codex/Long_Toll_Road /回测/industry_pit/extracted-quarterly/300080/2023/809bbc99068186e4ced8dff0.txt.gz
300080,2024,True,False,True,True,,,,,,,2,229545,/Users/bessie/codex/Long_Toll_Road /回测/industry_pit/extracted-quarterly/300080/2024/10b75722ade53c4f9a6832aa.txt.gz
300196,2016,False,False,False,True,,,,,,,3,26518,/Users/bessie/codex/Long_Toll_Road /回测/industry_pit/extracted-quarterly/300196/2016/40112b9c3c28e46963ebdcc9.txt.gz
300196,2017,False,False,True,True,,,,,,,1,107368,/Users/bessie/codex/Long_Toll_Road /回测/industry_pit/extracted-quarterly/300196/2017/15c8a2960fa550fa15983f30.txt.gz
300196,2018,False,False,True,True,,,,,,,2,25094,/Users/bessie/codex/Long_Toll_Road /回测/industry_pit/extracted-quarterly/300196/2018/60a894db69a097c0c7537f3e.txt.gz
300196,2019,False,False,True,True,,,,,,,2,26275,/Users/bessie/codex/Long_Toll_Road /回测/industry_pit/extracted-quarterly/300196/2019/198e79f29ef0f9bcf08942d8.txt.gz
300196,2020,False,False,True,True,,,,,,,2,29946,/Users/bessie/codex/Long_Toll_Road /回测/industry_pit/extracted-quarterly/300196/2020/89ca4370c7ef863c1be6ad3c.txt.gz
300196,2021,True,False,True,True,,,,44.41,7.9,,4,148479,/Users/bessie/codex/Long_Toll_Road /回测/industry_pit/extracted-quarterly/300196/2021/e4ee73183d26a027b19a0eb8.txt.gz
300196,2022,False,False,True,True,,,,,,,2,14766,/Users/bessie/codex/Long_Toll_Road /回测/industry_pit/extracted-quarterly/300196/2022/c1760ff859629d5827c090de.txt.gz
300196,2023,False,False,True,True,,,,,,,2,13636,/Users/bessie/codex/Long_Toll_Road /回测/industry_pit/extracted-quarterly/300196/2023/15463469ab00e0e3a30150a3.txt.gz
300196,2024,False,False,True,True,,,,20.99,5.66,,3,14281,/Users/bessie/codex/Long_Toll_Road /回测/industry_pit/extracted-quarterly/300196/2024/1dfe7ad87696f1b07c767959.txt.gz
300246,2016,False,False,False,True,,,,34.97,12.84,,4,31220,/Users/bessie/codex/Long_Toll_Road /回测/industry_pit/extracted-quarterly/300246/2016/a53550ec132d8eabecdc87eb.txt.gz
300246,2017,True,False,False,True,,,,40.16,10.28,"1,839.65万元",5,22860,/Users/bessie/codex/Long_Toll_Road /回测/industry_pit/extracted-quarterly/300246/2017/7291b1ff712f213dcbbffb8f.txt.gz
300246,2018,True,False,False,True,,,,35.89,13.68,"2,322.09万元",5,19551,/Users/bessie/codex/Long_Toll_Road /回测/industry_pit/extracted-quarterly/300246/2018/523b8f5392ba3b3d93feec9a.txt.gz
300246,2019,True,False,True,True,,,,,,"2,264.41万元",5,138615,/Users/bessie/codex/Long_Toll_Road /回测/industry_pit/extracted-quarterly/300246/2019/7c7a9e863b8f1d301bd7b210.txt.gz
300246,2020,True,False,True,True,,,,,,"2,484.96万元",5,21467,/Users/bessie/codex/Long_Toll_Road /回测/industry_pit/extracted-quarterly/300246/2020/0a4cde506b17e6743b18d25c.txt.gz
300246,2021,True,False,True,True,,,,,,"3,139.03万元",6,22327,/Users/bessie/codex/Long_Toll_Road /回测/industry_pit/extracted-quarterly/300246/2021/43162694a02302cbe0802e08.txt.gz
300246,2022,True,False,True,True,,,,,,"4,260.87 万元",6,14428,/Users/bessie/codex/Long_Toll_Road /回测/industry_pit/extracted-quarterly/300246/2022/00a4e033f7f7bd2a5f923669.txt.gz
300246,2023,True,False,True,True,,,16.25,2223.57,4275.62,"4,667.19 万元",4,15624,/Users/bessie/codex/Long_Toll_Road /回测/industry_pit/extracted-quarterly/300246/2023/5432a7818ee9280f8c2f2b5b.txt.gz
300246,2024,True,False,True,True,,,16.20,,,,4,14476,/Users/bessie/codex/Long_Toll_Road /回测/industry_pit/extracted-quarterly/300246/2024/9dd85abc1eb175a7808e8170.txt.gz
300343,2016,False,False,False,True,,,56.53,52.78,68.67,,2,33001,/Users/bessie/codex/Long_Toll_Road /回测/industry_pit/extracted-quarterly/300343/2016/0e1c89651c99648d0e0c3898.txt.gz
300343,2017,True,False,False,True,,,100,,,,2,26004,/Users/bessie/codex/Long_Toll_Road /回测/industry_pit/extracted-quarterly/300343/2017/29a60ac1f6e81e38de575d9a.txt.gz
300343,2018,True,False,False,True,,,,,,,1,28364,/Users/bessie/codex/Long_Toll_Road /回测/industry_pit/extracted-quarterly/300343/2018/64fd3443ead9904b17636b1f.txt.gz
300343,2019,True,False,True,True,,,,11.26,3.54,,3,28392,/Users/bessie/codex/Long_Toll_Road /回测/industry_pit/extracted-quarterly/300343/2019/d9717c017905e5ca08216608.txt.gz
300343,2020,True,False,True,True,,,,4.87,1.41,,2,23561,/Users/bessie/codex/Long_Toll_Road /回测/industry_pit/extracted-quarterly/300343/2020/0735f88874263df6ed553a34.txt.gz
300343,2021,True,False,True,True,,,,,,,2,14780,/Users/bessie/codex/Long_Toll_Road /回测/industry_pit/extracted-quarterly/300343/2021/7264465a187e2613c0b23311.txt.gz
300343,2022,True,False,True,True,,,,,,,3,12853,/Users/bessie/codex/Long_Toll_Road /回测/industry_pit/extracted-quarterly/300343/2022/82d08e3b4de679eb6befb16b.txt.gz
300343,2023,True,False,True,True,,,,,,,3,11395,/Users/bessie/codex/Long_Toll_Road /回测/industry_pit/extracted-quarterly/300343/2023/56d46333b03eda22d60650e0.txt.gz
300343,2024,True,False,True,True,,,,,,,4,151711,/Users/bessie/codex/Long_Toll_Road /回测/industry_pit/extracted-quarterly/300343/2024/93833fc701675e8b8356bf63.txt.gz
300410,2016,False,False,True,True,,,,,,"1,438.44万元",3,39760,/Users/bessie/codex/Long_Toll_Road /回测/industry_pit/extracted-quarterly/300410/2016/3c2bde4b80cf2b14d5c31434.txt.gz
300410,2017,True,False,True,True,,,,,,"2,722.38 万元",2,23475,/Users/bessie/codex/Long_Toll_Road /回测/industry_pit/extracted-quarterly/300410/2017/5708eaf6be129a9800fe7f0a.txt.gz
300410,2018,True,False,True,True,,,,,,,3,22510,/Users/bessie/codex/Long_Toll_Road /回测/industry_pit/extracted-quarterly/300410/2018/07747b8e62ebf2e0cf8ddacb.txt.gz
300410,2019,True,False,True,True,,,18.2,24.97,16.31,"5,450.66 万元",2,45312,/Users/bessie/codex/Long_Toll_Road /回测/industry_pit/extracted-quarterly/300410/2019/1edd2c3c6c2bbb2e468c18fc.txt.gz
300410,2020,True,False,True,True,,,,,,,2,26121,/Users/bessie/codex/Long_Toll_Road /回测/industry_pit/extracted-quarterly/300410/2020/1a02cca4bb6a8cf34320d539.txt.gz
300410,2021,True,False,True,True,,,,,,"5,865.25万元",3,17846,/Users/bessie/codex/Long_Toll_Road /回测/industry_pit/extracted-quarterly/300410/2021/394f813350cf38660b92216d.txt.gz
300410,2022,True,False,True,True,,,,,,,6,170830,/Users/bessie/codex/Long_Toll_Road /回测/industry_pit/extracted-quarterly/300410/2022/02fd5ec407504c8b53cf5c9c.txt.gz
300410,2023,True,False,True,True,,,,,,,6,12755,/Users/bessie/codex/Long_Toll_Road /回测/industry_pit/extracted-quarterly/300410/2023/779950d341b222f30573ff3e.txt.gz
300410,2024,True,False,False,True,,,,,,,4,13270,/Users/bessie/codex/Long_Toll_Road /回测/industry_pit/extracted-quarterly/300410/2024/016b306b1d1be0b1c5da022f.txt.gz
300450,2016,False,False,True,True,,,,,,,2,27545,/Users/bessie/codex/Long_Toll_Road /回测/industry_pit/extracted-quarterly/300450/2016/485f6b2e3035ebe1497b9074.txt.gz
300450,2017,True,False,True,True,,,,,,,1,20749,/Users/bessie/codex/Long_Toll_Road /回测/industry_pit/extracted-quarterly/300450/2017/8f2bd8d9cba0dc1d6739bf0a.txt.gz
300450,2018,True,False,True,True,,,,,,,0,23416,/Users/bessie/codex/Long_Toll_Road /回测/industry_pit/extracted-quarterly/300450/2018/12335daa504d3aca25b71b8e.txt.gz
300450,2019,True,False,True,True,,,,,,,1,22731,/Users/bessie/codex/Long_Toll_Road /回测/industry_pit/extracted-quarterly/300450/2019/552fd1521f1e554590fa9e80.txt.gz
300450,2020,True,False,True,True,,,,,,"30,390.58万元",2,27264,/Users/bessie/codex/Long_Toll_Road /回测/industry_pit/extracted-quarterly/300450/2020/115eff898d845d5a468431e4.txt.gz
300450,2021,True,False,True,True,,,,,,,2,139116,/Users/bessie/codex/Long_Toll_Road /回测/industry_pit/extracted-quarterly/300450/2021/47825a95390d9a9e5dba4553.txt.gz
300450,2022,True,False,True,True,,,,35.66,1.99,,3,14769,/Users/bessie/codex/Long_Toll_Road /回测/industry_pit/extracted-quarterly/300450/2022/63d8ce6bce4c71c8fbe4ae24.txt.gz
300450,2023,True,False,True,True,,,,41.8,2.4,,3,135592,/Users/bessie/codex/Long_Toll_Road /回测/industry_pit/extracted-quarterly/300450/2023/7a204a485ab6d546bc13cbdc.txt.gz
300450,2024,True,False,True,True,,,,38.24,2.99,,4,13340,/Users/bessie/codex/Long_Toll_Road /回测/industry_pit/extracted-quarterly/300450/2024/7ab51ef39a7968b63d73bc41.txt.gz
300461,2016,False,False,True,True,,,,34.08,19.5,,3,30838,/Users/bessie/codex/Long_Toll_Road /回测/industry_pit/extracted-quarterly/300461/2016/17aaee947556efa594f4192c.txt.gz
300461,2017,True,False,True,True,,,,,,"1,584.74万元",1,18985,/Users/bessie/codex/Long_Toll_Road /回测/industry_pit/extracted-quarterly/300461/2017/2dec44fafaa7ed7410978ed0.txt.gz
300461,2018,True,False,True,True,,,,53.89,1.58,,2,117296,/Users/bessie/codex/Long_Toll_Road /回测/industry_pit/extracted-quarterly/300461/2018/08e8c961d128e099e89f7d43.txt.gz
300461,2019,True,False,True,True,,,,,,,0,19030,/Users/bessie/codex/Long_Toll_Road /回测/industry_pit/extracted-quarterly/300461/2019/3ec95fd55fde98f8bdde52d9.txt.gz
300461,2020,True,False,True,True,,,,,,,0,142422,/Users/bessie/codex/Long_Toll_Road /回测/industry_pit/extracted-quarterly/300461/2020/35755d933b622d24ca5e3841.txt.gz
300461,2021,True,False,False,True,,,,,,,0,19462,/Users/bessie/codex/Long_Toll_Road /回测/industry_pit/extracted-quarterly/300461/2021/32743c22fb2679914b5c9667.txt.gz
300461,2022,True,False,True,True,,,,,,,2,15312,/Users/bessie/codex/Long_Toll_Road /回测/industry_pit/extracted-quarterly/300461/2022/cfb1fca9ad0c0957c82b7c0a.txt.gz
300461,2023,True,False,True,True,,,,,,,1,13032,/Users/bessie/codex/Long_Toll_Road /回测/industry_pit/extracted-quarterly/300461/2023/12d3deb52adc21af5603d086.txt.gz
300461,2024,True,False,True,True,,,,20.43,6.75,,1,12953,/Users/bessie/codex/Long_Toll_Road /回测/industry_pit/extracted-quarterly/300461/2024/4a1edcc46d8a605a0d1b7311.txt.gz
300531,2016,False,False,False,False,,,,,,,1,28884,/Users/bessie/codex/Long_Toll_Road /回测/industry_pit/extracted-quarterly/300531/2016/7034f60ced5fcd4a30b90745.txt.gz
300531,2017,True,False,True,True,,,,,,,1,24522,/Users/bessie/codex/Long_Toll_Road /回测/industry_pit/extracted-quarterly/300531/2017/14e2abac562cd43f30c30626.txt.gz
300531,2018,True,False,True,True,,,,,,,3,26307,/Users/bessie/codex/Long_Toll_Road /回测/industry_pit/extracted-quarterly/300531/2018/898935851eda6e1cfa27a948.txt.gz
300531,2019,True,False,True,True,,,,,,53.42万元,5,147481,/Users/bessie/codex/Long_Toll_Road /回测/industry_pit/extracted-quarterly/300531/2019/2eae5dae9abe6e4f1def5aad.txt.gz
300531,2020,True,False,True,True,,,,55.38,27.75,28.74万元,3,31277,/Users/bessie/codex/Long_Toll_Road /回测/industry_pit/extracted-quarterly/300531/2020/0130d6ddcf55a01b9620038f.txt.gz
300531,2021,True,False,False,True,,,,,,,2,15510,/Users/bessie/codex/Long_Toll_Road /回测/industry_pit/extracted-quarterly/300531/2021/108974e39ce54c032ce9dd4b.txt.gz
300531,2022,True,False,False,True,,,,,,,3,12346,/Users/bessie/codex/Long_Toll_Road /回测/industry_pit/extracted-quarterly/300531/2022/13f28398e08b16d3abb21965.txt.gz
300531,2023,True,False,False,True,,,,,,,4,14010,/Users/bessie/codex/Long_Toll_Road /回测/industry_pit/extracted-quarterly/300531/2023/27d3fbed02d2ce572c24130c.txt.gz
300531,2024,True,False,True,True,,,,,,"1,852.35 万元",4,13524,/Users/bessie/codex/Long_Toll_Road /回测/industry_pit/extracted-quarterly/300531/2024/3c5b252dfb7f3ff8b7a298c4.txt.gz
300586,2017,True,False,False,True,,,,23.95,1.36,671.00万元,3,67278,/Users/bessie/codex/Long_Toll_Road /回测/industry_pit/extracted-quarterly/300586/2017/3c8634512f2c9879537fc08e.txt.gz
300586,2018,True,False,False,True,,,,21.98,2.47,773.73万元,5,18704,/Users/bessie/codex/Long_Toll_Road /回测/industry_pit/extracted-quarterly/300586/2018/02a314f8d069d8ebc33f454e.txt.gz
300586,2019,True,False,True,True,,,,17.95,6.89,,4,17977,/Users/bessie/codex/Long_Toll_Road /回测/industry_pit/extracted-quarterly/300586/2019/2462f2a887d0b24752f52756.txt.gz
300586,2020,True,False,True,True,,,,12.68,13.71,"2,238.48万元",4,24979,/Users/bessie/codex/Long_Toll_Road /回测/industry_pit/extracted-quarterly/300586/2020/ba5c49b5cfe1bebce1a1ca3d.txt.gz
300586,2021,True,False,True,True,,,,52.21,42.45,,3,23903,/Users/bessie/codex/Long_Toll_Road /回测/industry_pit/extracted-quarterly/300586/2021/1e4d9a7b9a96a323e30f69bb.txt.gz
300586,2022,True,False,True,True,,,,35.29,42.0,,3,16069,/Users/bessie/codex/Long_Toll_Road /回测/industry_pit/extracted-quarterly/300586/2022/663df4d89ff94a1bf65d26df.txt.gz
300586,2023,True,False,True,True,,,80,31.08,26.16,,5,185551,/Users/bessie/codex/Long_Toll_Road /回测/industry_pit/extracted-quarterly/300586/2023/1016e6b9d51ae090ca6b46e8.txt.gz
300586,2024,True,False,True,True,,,80,46.08,44.42,,5,169733,/Users/bessie/codex/Long_Toll_Road /回测/industry_pit/extracted-quarterly/300586/2024/d59fd8ba8695db8fade34416.txt.gz
300592,2017,True,False,True,True,,,,,,,3,15567,/Users/bessie/codex/Long_Toll_Road /回测/industry_pit/extracted-quarterly/300592/2017/3c164b7c455e34d4a1bbd382.txt.gz
300592,2018,True,False,True,True,,,,27.3,4.36,,2,15915,/Users/bessie/codex/Long_Toll_Road /回测/industry_pit/extracted-quarterly/300592/2018/44a5b4c4ded29e229fb727b4.txt.gz
300592,2019,True,False,True,True,,,,,,,2,30589,/Users/bessie/codex/Long_Toll_Road /回测/industry_pit/extracted-quarterly/300592/2019/03cce474e6063da2764d3be6.txt.gz
300592,2020,True,False,True,True,,,,,,,4,24052,/Users/bessie/codex/Long_Toll_Road /回测/industry_pit/extracted-quarterly/300592/2020/0e09b6d81cf5704d90321506.txt.gz
300592,2021,True,False,True,True,,,,,,,4,15799,/Users/bessie/codex/Long_Toll_Road /回测/industry_pit/extracted-quarterly/300592/2021/4412f2d07817ff99fd62927c.txt.gz
300592,2022,True,False,False,True,,,,,,,4,14742,/Users/bessie/codex/Long_Toll_Road /回测/industry_pit/extracted-quarterly/300592/2022/14a23b7ae031cd82b2b4b939.txt.gz
300592,2023,True,False,False,True,,,,,,,4,13558,/Users/bessie/codex/Long_Toll_Road /回测/industry_pit/extracted-quarterly/300592/2023/769e2699e78ee82845cc94d7.txt.gz
300592,2024,True,False,True,True,,,,,,,4,202252,/Users/bessie/codex/Long_Toll_Road /回测/industry_pit/extracted-quarterly/300592/2024/07a408f31a7d62c1da86f87f.txt.gz
300618,2017,True,False,True,True,,,,,,,2,18247,/Users/bessie/codex/Long_Toll_Road /回测/industry_pit/extracted-quarterly/300618/2017/322c671f378ed82f0260471d.txt.gz
300618,2018,True,False,True,True,,,,,,,2,19208,/Users/bessie/codex/Long_Toll_Road /回测/industry_pit/extracted-quarterly/300618/2018/67e6f9645700c0203ef51685.txt.gz
300618,2019,True,False,True,True,,,,,,,2,145545,/Users/bessie/codex/Long_Toll_Road /回测/industry_pit/extracted-quarterly/300618/2019/3746abbc6cd418f1920f7ad9.txt.gz
300618,2020,True,False,True,True,,,60.36,,,,3,27631,/Users/bessie/codex/Long_Toll_Road /回测/industry_pit/extracted-quarterly/300618/2020/350ae3ea551eac56249eca55.txt.gz
300618,2021,True,False,True,True,,,64.55,,,,2,157100,/Users/bessie/codex/Long_Toll_Road /回测/industry_pit/extracted-quarterly/300618/2021/555ee395d9e293fceb0ad4ad.txt.gz
300618,2022,True,False,True,True,,,,17.83,22.35,,3,11764,/Users/bessie/codex/Long_Toll_Road /回测/industry_pit/extracted-quarterly/300618/2022/60b6e6c0c033cf694a47e30e.txt.gz
300618,2023,True,False,True,True,,,,2.83,0.59,,5,138432,/Users/bessie/codex/Long_Toll_Road /回测/industry_pit/extracted-quarterly/300618/2023/47adc503d403c70be8a54e14.txt.gz
300618,2024,True,False,True,True,,,,,,,5,13856,/Users/bessie/codex/Long_Toll_Road /回测/industry_pit/extracted-quarterly/300618/2024/1a8ccacc7dd5cfb659dbc018.txt.gz
300693,2017,False,False,False,False,,,,,,,0,18691,/Users/bessie/codex/Long_Toll_Road /回测/industry_pit/extracted-quarterly/300693/2017/b498de6b2557748b64e88082.txt.gz
300693,2018,True,False,True,True,,,,,,,3,18693,/Users/bessie/codex/Long_Toll_Road /回测/industry_pit/extracted-quarterly/300693/2018/3b41d4dec8ce403abb53df6a.txt.gz
300693,2019,True,False,False,True,,,,42.45,19.37,2642.16万元,5,133833,/Users/bessie/codex/Long_Toll_Road /回测/industry_pit/extracted-quarterly/300693/2019/1cda64ee333faba5e9abf9e8.txt.gz
300693,2020,True,False,False,True,,,,43.55,18.83,3447.67万元,3,134246,/Users/bessie/codex/Long_Toll_Road /回测/industry_pit/extracted-quarterly/300693/2020/19bf8ccd2d35aa02f5f45a9a.txt.gz
300693,2021,True,False,False,True,,,,39.08,22.35,4747.66万元,4,21273,/Users/bessie/codex/Long_Toll_Road /回测/industry_pit/extracted-quarterly/300693/2021/133086aa538bddc92764a8ce.txt.gz
300693,2022,True,False,True,True,,,,36.82,22.01,"5,750.99 万元",2,143763,/Users/bessie/codex/Long_Toll_Road /回测/industry_pit/extracted-quarterly/300693/2022/5bf00e1ea14422b262499150.txt.gz
300693,2023,True,False,True,True,,,,39.55,19.98,9463.92 万元,3,13171,/Users/bessie/codex/Long_Toll_Road /回测/industry_pit/extracted-quarterly/300693/2023/096ca43ff7351196d455b5d3.txt.gz
300693,2024,True,False,True,True,,,,22.18,6.8,12611.49 万元,3,12343,/Users/bessie/codex/Long_Toll_Road /回测/industry_pit/extracted-quarterly/300693/2024/091d281d108952c5f1ad05b7.txt.gz
300735,2018,True,False,True,True,,,,,,,4,16581,/Users/bessie/codex/Long_Toll_Road /回测/industry_pit/extracted-quarterly/300735/2018/1ec2d617af9266fbd07ecc2d.txt.gz
300735,2019,True,False,True,True,,,,,,,4,18355,/Users/bessie/codex/Long_Toll_Road /回测/industry_pit/extracted-quarterly/300735/2019/39680daec253dafd6fd0b64b.txt.gz
300735,2020,True,False,True,True,,,,,,,4,15611,/Users/bessie/codex/Long_Toll_Road /回测/industry_pit/extracted-quarterly/300735/2020/710b82ed2826ec363488b7ab.txt.gz
300735,2021,True,False,True,True,,,,,,,4,129387,/Users/bessie/codex/Long_Toll_Road /回测/industry_pit/extracted-quarterly/300735/2021/17efac184848629e75c1451e.txt.gz
300735,2022,True,False,True,True,,,,12.71,10.67,,4,127058,/Users/bessie/codex/Long_Toll_Road /回测/industry_pit/extracted-quarterly/300735/2022/0d15dd3787c1df2a26c4ef49.txt.gz
300735,2023,True,False,True,True,,,,,,,4,16090,/Users/bessie/codex/Long_Toll_Road /回测/industry_pit/extracted-quarterly/300735/2023/339441045d3f83edd22a4393.txt.gz
300735,2024,True,False,True,True,,,,7.27,9.11,,4,142666,/Users/bessie/codex/Long_Toll_Road /回测/industry_pit/extracted-quarterly/300735/2024/31ca43979b617d2506318063.txt.gz
300770,2019,True,False,False,True,,,,,,,3,24377,/Users/bessie/codex/Long_Toll_Road /回测/industry_pit/extracted-quarterly/300770/2019/3c3f100f337c34fa730d8d5c.txt.gz
300770,2020,True,False,False,True,,,,,,,2,114292,/Users/bessie/codex/Long_Toll_Road /回测/industry_pit/extracted-quarterly/300770/2020/c5b5586f6da2f39e7cf12c98.txt.gz
300770,2021,True,False,False,True,,,,,,,2,123279,/Users/bessie/codex/Long_Toll_Road /回测/industry_pit/extracted-quarterly/300770/2021/62292d2cfc4513f604c07527.txt.gz
300770,2022,True,False,False,True,,,,,,,2,119041,/Users/bessie/codex/Long_Toll_Road /回测/industry_pit/extracted-quarterly/300770/2022/2c0b97d66ec92c5f3e233971.txt.gz
300770,2023,True,False,False,True,,,,,,,2,10602,/Users/bessie/codex/Long_Toll_Road /回测/industry_pit/extracted-quarterly/300770/2023/22646d394a65199feabce968.txt.gz
300770,2024,True,False,False,True,,,,,,,2,10042,/Users/bessie/codex/Long_Toll_Road /回测/industry_pit/extracted-quarterly/300770/2024/4c0d0a8264b1b2008cfb6e08.txt.gz
300785,2019,True,False,False,True,,,,,,,3,23654,/Users/bessie/codex/Long_Toll_Road /回测/industry_pit/extracted-quarterly/300785/2019/30efe8edb510a94adc00ce2a.txt.gz
300785,2020,True,False,False,True,,,,,,,3,23254,/Users/bessie/codex/Long_Toll_Road /回测/industry_pit/extracted-quarterly/300785/2020/6368ade6fed9cbb423c2b790.txt.gz
300785,2021,True,False,False,True,,,,,,,4,31105,/Users/bessie/codex/Long_Toll_Road /回测/industry_pit/extracted-quarterly/300785/2021/400aa8430342e89d00479487.txt.gz
300785,2022,False,False,True,True,,,,,,,5,10838,/Users/bessie/codex/Long_Toll_Road /回测/industry_pit/extracted-quarterly/300785/2022/390e084262dd25c9b1e97478.txt.gz
300785,2023,True,False,True,True,,,,,,,5,12965,/Users/bessie/codex/Long_Toll_Road /回测/industry_pit/extracted-quarterly/300785/2023/9e28bc34f42e216494142ff8.txt.gz
300785,2024,True,False,True,True,,,,,,,5,163629,/Users/bessie/codex/Long_Toll_Road /回测/industry_pit/extracted-quarterly/300785/2024/12908837d0da9b20586f33de.txt.gz
300856,2020,True,False,True,True,,,,,,,5,24000,/Users/bessie/codex/Long_Toll_Road /回测/industry_pit/extracted-quarterly/300856/2020/13406160be08ddeae3297578.txt.gz
300856,2021,True,False,True,True,,,,,,,5,10966,/Users/bessie/codex/Long_Toll_Road /回测/industry_pit/extracted-quarterly/300856/2021/2972b24e479c08800ada01e6.txt.gz
300856,2022,True,False,True,True,,,,39.59,13.39,,5,10807,/Users/bessie/codex/Long_Toll_Road /回测/industry_pit/extracted-quarterly/300856/2022/0298485f5240d138c52e3ebf.txt.gz
300856,2023,True,False,True,True,,,,214.07,147.13,,4,10788,/Users/bessie/codex/Long_Toll_Road /回测/industry_pit/extracted-quarterly/300856/2023/4176c96f0eefa837cb2a1211.txt.gz
300856,2024,True,False,True,True,,,,,,,4,10419,/Users/bessie/codex/Long_Toll_Road /回测/industry_pit/extracted-quarterly/300856/2024/87115484cdfd6bda2986f16d.txt.gz
300896,2020,False,False,False,False,,,,,,,0,23324,/Users/bessie/codex/Long_Toll_Road /回测/industry_pit/extracted-quarterly/300896/2020/5bfeb7e36596dc516969afc1.txt.gz
300896,2021,True,False,False,True,,,,,,,4,17153,/Users/bessie/codex/Long_Toll_Road /回测/industry_pit/extracted-quarterly/300896/2021/05af1fa6d5e390867d121955.txt.gz
300896,2022,True,False,False,True,,,68.30,45.17,14.21,,5,14654,/Users/bessie/codex/Long_Toll_Road /回测/industry_pit/extracted-quarterly/300896/2022/5a008e5fa2f1b12ac62dfa4b.txt.gz
300896,2023,True,False,False,True,,,44.61,23.46,17.59,,5,14,/Users/bessie/codex/Long_Toll_Road /回测/industry_pit/extracted-quarterly/300896/2023/6a673540190f3a8fd7ed4a52.txt.gz
300896,2024,True,False,True,True,,,,,,,4,166076,/Users/bessie/codex/Long_Toll_Road /回测/industry_pit/extracted-quarterly/300896/2024/563626a793d155961adba7b6.txt.gz
300979,2021,False,False,True,True,,,4.22,,,,2,18158,/Users/bessie/codex/Long_Toll_Road /回测/industry_pit/extracted-quarterly/300979/2021/142bc58f5603a923fb5e8dc6.txt.gz
300979,2022,False,False,True,True,,,,,,,2,150920,/Users/bessie/codex/Long_Toll_Road /回测/industry_pit/extracted-quarterly/300979/2022/33e19d134e8c6da4643fca16.txt.gz
300979,2023,False,False,True,True,,,,22.68,2.55,,3,11422,/Users/bessie/codex/Long_Toll_Road /回测/industry_pit/extracted-quarterly/300979/2023/1458b6acc6fa4523d5eae27a.txt.gz
300979,2024,False,False,True,True,,,18.64,40.31,20.24,,4,12484,/Users/bessie/codex/Long_Toll_Road /回测/industry_pit/extracted-quarterly/300979/2024/141b9666057a4ed18447ad26.txt.gz
301004,2021,True,False,False,True,,,,,,,3,106682,/Users/bessie/codex/Long_Toll_Road /回测/industry_pit/extracted-quarterly/301004/2021/3cf7b0145008bdc6f8c46943.txt.gz
301004,2022,True,False,False,True,,,,,,,3,9585,/Users/bessie/codex/Long_Toll_Road /回测/industry_pit/extracted-quarterly/301004/2022/52f4e3e95122e7c17ca7c310.txt.gz
301004,2023,True,False,False,True,,,,,,,1,11405,/Users/bessie/codex/Long_Toll_Road /回测/industry_pit/extracted-quarterly/301004/2023/55e74891644507d18f5b34cc.txt.gz
301004,2024,True,False,False,True,,,,,,,1,10923,/Users/bessie/codex/Long_Toll_Road /回测/industry_pit/extracted-quarterly/301004/2024/4384684ef08c75634912570b.txt.gz
002963,2019,False,False,False,False,,,,,,,0,1128,/Users/bessie/codex/Long_Toll_Road /回测/industry_pit/extracted-events/002963/2019/1207097359.txt.gz
