code,name_at_last_seen,industry_at_last_seen,first_report,last_report,ever_distressed_name,latest_net_profit_nonpositive,disappeared_before_last_snapshot,failure_stratum,selection_hash,cohort_role,industry_rank,cohort_id
605222,起帆电缆,电网设备,20161231,20240930,False,False,False,False,0009eb0be60f69cc91b92eec8f46068ce16d8723f9430485936077c9722c69f8,deterministic_control,1.0,C0001
300243,瑞丰高材,塑料,20140331,20240930,False,False,False,False,000b5d9c27f2b85ca21d199f0a08418157c1fedae2e648c7145b504e18d37553,deterministic_control,1.0,C0002
603160,汇顶科技,半导体,20141231,20240930,False,False,False,False,001d4cf9b07bfd40096905bc28bebccb731b10d6dbff0e55fa3556b3326a4f68,deterministic_control,1.0,C0003
603668,天马科技,饲料,20140630,20240930,False,False,False,False,0030315b8631f80a0a8f9fb471e4305e656f9278fe05471cc8004292a210ce69,deterministic_control,1.0,C0004
301305,朗坤科技,环境治理,20141231,20240930,False,False,False,False,00466da7a146ed9ae493f127fcaaeedd9a0f041233be5b7a9a7ec160baa916e5,deterministic_control,1.0,C0005
605218,伟时电子,光学光电子,20161231,20240930,False,False,False,False,004b67a7489eba13f2264196e611ddd7d836c5bbb9871c4689b4f828f1121d4a,deterministic_control,1.0,C0006
603983,丸美生物,化妆品,20141231,20240930,False,False,False,False,00514428287469c75b7f9648cb183931dbc1327f8d1d1bd4d1c090f942d9c448,deterministic_control,1.0,C0007
002903,宇环数控,通用设备,20141231,20240930,False,False,False,False,005195d98ca0333e5dec8fa22cd93f404a54a2610a532f6db32c42f739d87c2e,deterministic_control,1.0,C0008
688503,聚和材料,光伏设备,20181231,20240930,False,False,False,False,005d349e6f79268a9d5ea50ce3cd4309313f3e1aa2d6a72f2e8a1740af2570b6,deterministic_control,1.0,C0009
300635,中达安,工程咨询服务Ⅱ,20141231,20240930,False,False,False,False,0084c8be1e08ed738a61decd8526e69fa58295ed90d8f478f055e087a7e0c69d,deterministic_control,1.0,C0010
300109,新开源,化学制品,20140331,20240930,False,False,False,False,008a767cff729569b80d7ad66d2482904b4431e49b7dacf7ac4d042c052e3766,deterministic_control,1.0,C0011
603708,家家悦,一般零售,20141231,20240930,False,False,False,False,0092c316d2eeabb6f2e938bd58c0051b3a625186c1038a30b41622fd5ff03e0b,deterministic_control,1.0,C0012
301601,惠通科技,专用设备,20141231,20240930,False,False,False,False,009bfdc300490d5a93d33b92424154a10cde75e9adab7cb19d443fc9d5a05385,deterministic_control,1.0,C0013
605003,众望布艺,服装家纺,20161231,20240930,False,False,False,False,009ff421331a430d5ef66584f04f8ef11c36a7ecad6b83fc9034ba8c1c2c823f,deterministic_control,1.0,C0014
688155,先惠技术,电池,20161231,20240930,False,False,False,False,00aed6e1d5a14887e3e24a3838a9cf968c1ba2f23827dae65246d89d331bf9fc,deterministic_control,1.0,C0015
002443,金洲管道,特钢Ⅱ,20140331,20240930,False,False,False,False,00b04cd877ec3b3094e73aff77942f97893c33d5f9d417a79404ec5fa971566f,deterministic_control,1.0,C0016
600894,广日股份,专用设备,20140331,20240930,False,False,False,False,00bb7f8158ef5015611da5669f65f2c620747a62d8dbf2bc3b76fbbffccaf8a6,deterministic_control,2.0,C0017
002034,旺能环境,环境治理,20140331,20240930,False,False,False,False,00c0127a20d73a40771fd6fd6076ecce084d595e0c3fb916de6f2ef9381e6cae,deterministic_control,2.0,C0018
002083,孚日股份,纺织制造,20140331,20240930,False,False,False,False,00ef5e7f8856794a5c5d3bf5d1f032d9a402ba8421bac33d96cfe7f0fa2a6da1,deterministic_control,1.0,C0019
600356,恒丰纸业,造纸,20140331,20240930,False,False,False,False,00f0651c8cfdb1798b868cbf378d446bd2adc3fffb101500589a3d13468e541a,deterministic_control,1.0,C0020
001396,誉帆科技,基础建设,20191231,20240930,False,False,False,False,00f8ec751ac357090e45e3dd537f552037f4b2de1cb1aa9e1bb7e679a8af5975,deterministic_control,1.0,C0021
000739,普洛药业,化学制药,20140331,20240930,False,False,False,False,0100b226bcf77bd87cae0dbc3242e57ac355c096f4e79cbd79e19a2559630c33,deterministic_control,1.0,C0022
605389,长龄液压,工程机械,20161231,20240930,False,False,False,False,0101868fc751d76be967edac23169e3c802144e8600d812039fc488b0452e514,deterministic_control,1.0,C0023
600729,重百集团,一般零售,20140331,20240930,False,False,False,False,0104b5c6bb2273af824e2b8e1524c1a2b242ff6b246734dd9dbb0e08366ed0e3,deterministic_control,2.0,C0024
688291,金橙子,软件开发,20141231,20240930,False,False,False,False,01274ea30745e9bfc51e83e6f3f12618096449aa4cc8876177e1f004935b6378,deterministic_control,1.0,C0025
600429,三元股份,饮料乳品,20140331,20240930,False,False,False,False,015acaf7548ef2e7ac5a0d162a87ea0aac6c81457ba8929daa7251a6ccf0a6e1,deterministic_control,1.0,C0026
605122,四方新材,水泥,20161231,20240930,False,False,False,False,016af3d726503773ca28aead733522ead79177f246075c18d22da9d47937bac2,deterministic_control,1.0,C0027
603282,亚光股份,环保设备Ⅱ,20141231,20240930,False,False,False,False,01930e42c7af7bf27796eb9881e96e7093f7069efee432243a26d8115e19201a,deterministic_control,1.0,C0028
002468,申通快递,物流,20140331,20240930,False,False,False,False,01a68486fd09949362916b4d98f2f2e744e5dd5fcaec6274dcf8985e3ef27cee,deterministic_control,1.0,C0029
300475,香农芯创,其他电子Ⅱ,20140331,20240930,False,False,False,False,01b1de8162a20c9dc8266bf8a5736967a84028de45047debba4f08790fa9c83e,deterministic_control,1.0,C0030
301125,腾亚精工,通用设备,20171231,20240930,False,False,False,False,01db5c8f2c49547ba8961060faad573d16136c9ea72a483abdeb423d23b91b43,deterministic_control,2.0,C0031
600258,首旅酒店,酒店餐饮,20140331,20240930,False,False,False,False,01f63cd6ed5daf187146e7dd74e6695179f8d02cefae371caf5291f20e7d8431,deterministic_control,1.0,C0032
002249,大洋电机,电机Ⅱ,20140331,20240930,False,False,False,False,02056f09fd333da993fae24784f0dafff90330d91c45e77af874f69911899222,deterministic_control,1.0,C0033
688117,圣诺生物,生物制品,20171231,20240930,False,False,False,False,020669087efe559e674dda152eb81117fd90e5f13bf77b9a67dc753cc3c16c6f,deterministic_control,1.0,C0034
603706,东方环宇,燃气Ⅱ,20141231,20240930,False,False,False,False,020773924c72c2cc50c7a1a6f84124018d6005fd10774215c61e07f3799d7ca9,deterministic_control,1.0,C0035
002248,华东数控,通用设备,20140331,20240930,False,False,False,False,022127aaf954b20414885190fb7a7bb9ae090101d7ba5ece1a883ea062dfcde8,deterministic_control,3.0,C0036
002258,利尔化学,农化制品,20140331,20240930,False,False,False,False,02234a2e7bf7021591dcd92982771e690728a15d16db9f8ae4a559f195639546,deterministic_control,1.0,C0037
603299,苏盐井神,化学原料,20140331,20240930,False,False,False,False,023abcf743a5d32065d146d2ede5def9eb515d5bbfd56d835e36f8e1d4d63aa8,deterministic_control,1.0,C0038
002957,科瑞技术,自动化设备,20141231,20240930,False,False,False,False,0253302fbc770d728448579bf14fb4d96f3c27237ce26ce2703edcf4386e3a47,deterministic_control,1.0,C0039
600217,中再资环,环境治理,20140331,20240930,False,False,False,False,02541363f60c398fe67892545c9f753b4ab151232c03d6c42dd22a675bd38c34,deterministic_control,3.0,C0040
002077,大港股份,半导体,20140331,20240930,False,False,False,False,02698d3f95082aec5b6f93e33f495dfa6847c9e16df7b7c8fc241df8964f753b,deterministic_control,2.0,C0041
000682,东方电子,电网设备,20140331,20240930,False,False,False,False,02714749c55c39d0e59c9f3faff745d96e1a89ccc84a15bc7e6c523ce72e43ac,deterministic_control,2.0,C0042
000048,京基智农,养殖业,20140331,20240930,False,False,False,False,028dfd8a43319e05a64bf79f78f67ae3993fbfaf0b22257acb76410819def89e,deterministic_control,1.0,C0043
603528,多伦科技,软件开发,20141231,20240930,False,False,False,False,029400822c6fc0ea1750dbdcd22b3e06da645a63a0cd0ea7b8f3239a86a334dc,deterministic_control,2.0,C0044
300757,罗博特科,自动化设备,20141231,20240930,False,False,False,False,0296b5f583a65d4f356197354eebee46ec08f105d4f0d7c376bda83997b3e2bb,deterministic_control,2.0,C0045
001306,夏厦精密,通用设备,20191231,20240930,False,False,False,False,029826efb7f356bb2911fa4fb2cd957708acb8fe90c7296bff13345a6c3c068a,deterministic_control,4.0,C0046
301167,建研设计,工程咨询服务Ⅱ,20171231,20240930,False,False,False,False,02a993b30b20f449b9f1d15d4fae0462c5ad96dc1ea67033ac164ba093ea99ea,deterministic_control,2.0,C0047
603515,欧普照明,照明设备Ⅱ,20141231,20240930,False,False,False,False,02b3e3c57c23b9f0be9d074ec62b80a8bc42f038bc2e66287fb52f7039f7ee14,deterministic_control,1.0,C0048
301355,南王科技,包装印刷,20141231,20240930,False,False,False,False,02c09b9f7426b4d4299f259bfc4f145ba8091ca70ac85b7dfdcc8e6a55af10ec,deterministic_control,1.0,C0049
002863,今飞凯达,汽车零部件,20141231,20240930,False,False,False,False,02c45bfec5d1f0edb05cc9ea85b56c8f574a03daaf33d4d05490173dd3e4bebd,deterministic_control,1.0,C0050
002103,广博股份,文娱用品,20140331,20240930,False,False,False,False,03111cfab1021e90cc58b2b0e2a9eb45c06686abd5f61d59f6efd61e28e9a89a,deterministic_control,1.0,C0051
300873,海晨股份,物流,20161231,20240930,False,False,False,False,0319c762e56c663fae8c750e5bcfde819383c8242af0e0ceaa4ce3eb57013d03,deterministic_control,2.0,C0052
002150,正泰电源,光伏设备,20140331,20240930,False,False,False,False,031d79eed3c796f8725dfa5ce316bf0e1fc7162559142ca844462fab37572b95,deterministic_control,2.0,C0053
600392,盛和资源,小金属,20140331,20240930,False,False,False,False,03386331dc856db913e8bc8ec031477ca76be61821a9fc9465f3ad88b1710934,deterministic_control,1.0,C0054
688253,英诺特,医疗器械,20181231,20240930,False,False,False,False,0338fbf3d26e9116b5e525d258809799f9f02b7b1818139410e347950623b5d3,deterministic_control,1.0,C0055
600510,黑牡丹,房地产开发,20140331,20240930,False,False,False,False,033ec1bb637fb30d839ad9feb496cc5cd84d1aeeeaae3219146b332dfa274e9b,deterministic_control,1.0,C0056
301155,海力风电,风电设备,20171231,20240930,False,False,False,False,0341be53fd3fad8138a49ba630dc8781d7e04c15088fb371f74f849b55d8768f,deterministic_control,1.0,C0057
002140,东华科技,专业工程,20140331,20240930,False,False,False,False,0344fb52025d1ed905aadf50c2dec8e650607c6086f7c610a6776721264a52bb,deterministic_control,1.0,C0058
603886,元祖股份,休闲食品,20141231,20240930,False,False,False,False,035054818fecbe3fae12e97e265e2471ef6232f9b4aa9d135e2f8bcbc159f5cc,deterministic_control,1.0,C0059
600768,宁波富邦,工业金属,20140331,20240930,False,False,False,False,035498c99dc31b6b9c4e233c484664343db88a18bb833467c3e2c45571349796,deterministic_control,1.0,C0060
300586,美联新材,塑料,20141231,20240930,False,False,False,False,035f8a4c85d53c2064a56a5ecad5f8f474d9f9354665e5ea912346b05326937c,deterministic_control,2.0,C0061
603203,快克智能,自动化设备,20141231,20240930,False,False,False,False,0360564f8b1fc0a63a11253bde4c7eb0cdab8507fb23b7efa907f808c11f07b4,deterministic_control,3.0,C0062
301327,华宝新能,电池,20141231,20240930,False,False,False,False,03609c5f963c381045291a783421864bf0f600d2b686c353c3b5f593dbcf5000,deterministic_control,2.0,C0063
300192,科德教育,教育,20140331,20240930,False,False,False,False,037a1171fabb070fb9264d715a6bb5eb01adc27897f8de294ebd986b8436c383,deterministic_control,1.0,C0064
605001,威奥股份,轨交设备Ⅱ,20161231,20240930,False,False,False,False,0391ce4ddf0d087496508f52efaff0ba7195166a74778905bcefec0b84f0f635,deterministic_control,1.0,C0065
002733,雄韬股份,电池,20140331,20240930,False,False,False,False,03a64e63af899e7ecea2995ebd748ca2acb5f256abf860f1e7a5716cc416db93,deterministic_control,3.0,C0066
688391,钜泉科技,半导体,20141231,20240930,False,False,False,False,03ac5cff596c94e5b02a881eb64195daef9ff305fc14f0c8f99a7194bd0002db,deterministic_control,3.0,C0067
300019,硅宝科技,化学制品,20140331,20240930,False,False,False,False,03bf80a0ea70bca29ca56afe9b578641099ca0b6e6b650d2cf7cee914da2ecc0,deterministic_control,2.0,C0068
600685,中船防务,航海装备Ⅱ,20140331,20240930,False,False,False,False,03c6afb5dc08cf03c397da296b77528a2021e6658142811f849f3293e14ceed3,deterministic_control,1.0,C0069
002609,捷顺科技,IT服务Ⅱ,20140331,20240930,False,False,False,False,03cfbe27dcc3a017352f8aa88a694aa9e34e08d4976c3a154a53d9182b4e15a3,deterministic_control,1.0,C0070
002777,久远银海,IT服务Ⅱ,20140930,20240930,False,False,False,False,03d229ad6d250a513ffe86654071d7e0d39465eeae6d58c21c6df6815f98a2c3,deterministic_control,2.0,C0071
600888,新疆众和,工业金属,20140331,20240930,False,False,False,False,03e98db8e411f44b13e76881816e896a150c6e472c844b2600c7d897510be57d,deterministic_control,2.0,C0072
300856,科思股份,化妆品,20141231,20240930,False,False,False,False,03ee58f2ddca3435bed6597a09d3601a65d1f236d2430d4bdfb31b6412c716ec,deterministic_control,2.0,C0073
002899,英派斯,文娱用品,20141231,20240930,False,False,False,False,03f1d8206953113b0a8956594a85445b5132bb153df5659a19d84931b83e635c,deterministic_control,2.0,C0074
600497,驰宏锌锗,工业金属,20140331,20240930,False,False,False,False,03f413c6b392a4ca86d2c41ac5986fcbaa0b9e3e850906f4176bcf462ca16218,deterministic_control,3.0,C0075
000420,吉林化纤,化学纤维,20140331,20240930,False,False,False,False,03f6de78b4c03025236a5ecb0a6c914187b2a4bf936ac6c37da71b4e31ea1ac6,deterministic_control,1.0,C0076
002242,九阳股份,小家电,20140331,20240930,False,False,False,False,040992790fd5abee6c005f92f63e21b7b417a2676c40c00331242cbfd48c41fe,deterministic_control,1.0,C0077
603236,移远通信,通信设备,20141231,20240930,False,False,False,False,041c3f0d62ff5f70af116e579c6e432cd7497ce59523d65d3054349afce95df8,deterministic_control,1.0,C0078
000593,德龙汇能,燃气Ⅱ,20140331,20240930,False,False,False,False,04218c2c3e040518ea01d1a08a19a821852362f533af6691908692f1be0efdb4,deterministic_control,2.0,C0079
603927,中科软,软件开发,20140630,20240930,False,False,False,False,0440fa2c74e0f4b098ba784a06775f84be886c95de4a096f0c2eee3b607fd21e,deterministic_control,3.0,C0080
001325,元创股份,橡胶,20181231,20240930,False,False,False,False,0449fd6e2c6b38964b400e6bc9d4c40da5f3de1c6dbc11ad477d3cc7ba373032,deterministic_control,1.0,C0081
603477,巨星农牧,养殖业,20141231,20240930,False,False,False,False,044d478da9285b9c366beb57a4f130fbf5c0cb9ac2a23ae94cb953ad98663b72,deterministic_control,2.0,C0082
300241,瑞丰光电,光学光电子,20140331,20240930,False,False,False,False,0454fe6f0f9c9ea3ec9be22918577e23de714f49d554cad6f580c4556746da29,deterministic_control,2.0,C0083
600489,中金黄金,贵金属,20140331,20240930,False,False,False,False,048c62fa974cacf8c9149c333cc226591753337d18afc7bd2b03ee47316b3a51,deterministic_control,1.0,C0084
300196,长海股份,玻璃玻纤,20140331,20240930,False,False,False,False,049cdf2578151e90e9cae6b6d158d69b233fce2cc5655ff7e3857f6a19ce8d70,deterministic_control,1.0,C0085
600039,四川路桥,基础建设,20140331,20240930,False,False,False,False,04bb8114707b9409cbbdca90c583c2050aae315b601e7671a4b35b1acfe4e52f,deterministic_control,2.0,C0086
300234,开尔新材,装修建材,20140331,20240930,False,False,False,False,04c0a3f72c62fa9b34e7583f47d15b61a806799c8b70e098633027de7a39da40,deterministic_control,1.0,C0087
605088,冠盛股份,汽车零部件,20141231,20240930,False,False,False,False,04c11315012da3c9610c7aae75562f596469620544466c91c66595eb7439884b,deterministic_control,2.0,C0088
300450,先导智能,电池,20140331,20240930,False,False,False,False,04c2b42ad44c6a9b683ac8c75fdeb062dfbc3925c421a3e3c8f5ca617ff73b62,deterministic_control,4.0,C0089
600566,济川药业,中药Ⅱ,20140331,20240930,False,False,False,False,04ce14a402234f628c25e3ffc18a835fc056631ff066c6522e6c502486ea24c6,deterministic_control,1.0,C0090
601133,柏诚股份,专业工程,20181231,20240930,False,False,False,False,04d06f3a6851b562548edad4537ce8790d283e9f8da3033acca102d98ffd5925,deterministic_control,2.0,C0091
002317,众生药业,中药Ⅱ,20140331,20240930,False,False,False,False,04d498825af3d9bec49ed8b49ca65759eb7b3fa8a9b84267e1324f0397c47738,deterministic_control,2.0,C0092
300631,久吾高科,环保设备Ⅱ,20141231,20240930,False,False,False,False,04d7032b22038484d7342ad621a13cc016cf092eba2b02985016cab6c0c53cd6,deterministic_control,2.0,C0093
300939,秋田微,光学光电子,20161231,20240930,False,False,False,False,04d99eccd99d8e532259df111fb078410566ef563571b82a9d74dfed628be89b,deterministic_control,3.0,C0094
002564,天沃科技,专用设备,20140331,20240930,False,False,False,False,04ddfe42fb5843741a3ac00f11315e65f02091da45a990e640ac9d3f9267acad,deterministic_control,3.0,C0095
605138,盛泰集团,服装家纺,20171231,20240930,False,False,False,False,04f1dba07418b06654da55565343b67bde6c294b50348ab27b14c0dfd2f285dd,deterministic_control,2.0,C0096
000833,粤桂股份,综合Ⅱ,20140331,20240930,False,False,False,False,04f5a5e3bb3b9d3b98e55d79eec4782d11f4b571b071bc0faf741b36a20240af,deterministic_control,1.0,C0097
688683,莱尔科技,电子化学品Ⅱ,20171231,20240930,False,False,False,False,050b5fab5ec9e3530208e27167f5ac3281c4cfcea9256bf29e00207a47bbc97d,deterministic_control,1.0,C0098
688566,吉贝尔,化学制药,20161231,20240930,False,False,False,False,0515c287cee9fbb31c79c9ec3f23761289753078872daf9adfe16f1320215fdc,deterministic_control,2.0,C0099
601990,南京证券,证券Ⅱ,20141231,20240930,False,False,False,False,051d8873559d8bac8a63db5f58aff35d48eca7e920f185bd1a7563391d6ef442,deterministic_control,1.0,C0100
002250,联化科技,农化制品,20140331,20240930,False,False,False,False,05317a3df0d223bf71a004d4186226025d4c2f3e1b597ebc13c6d93076adff9d,deterministic_control,2.0,C0101
601899,紫金矿业,工业金属,20140331,20240930,False,False,False,False,053be7a3eda02baf24059e664a4042ae40f43fe71bb6054d067c2e378fbe21df,deterministic_control,4.0,C0102
605086,龙高股份,非金属材料Ⅱ,20161231,20240930,False,False,False,False,0548544e75c9d787f64e8f8f9d013a3571c830918425e825edba5a13a7dd20b4,deterministic_control,1.0,C0103
603217,元利科技,化学制品,20141231,20240930,False,False,False,False,054b64f2cf947dbd54cbef4c4667872ac6f1273073da4e358f813041919f5d67,deterministic_control,3.0,C0104
000735,罗牛山,养殖业,20140331,20240930,False,False,False,False,0559abda6cee7de0645476d73942bf7e9b3229b167fe7e3d4ff58cee8832bc21,deterministic_control,3.0,C0105
002241,歌尔股份,消费电子,20140331,20240930,False,False,False,False,0562098c992a9ad52f9dd3886eec547f9dfb09b6a91a8442f04d55e69fc5d6e4,deterministic_control,1.0,C0106
601298,青岛港,航运港口,20141231,20240930,False,False,False,False,05843451e6bc73d5f5606559aef8b6d44ae8a062f2c6eb2facfe76ca6886016c,deterministic_control,1.0,C0107
001203,大中矿业,冶钢原料,20171231,20240930,False,False,False,False,05845e679e269c182033a5c608461fa0f9082b59f7e0fb6ff265f6a7e37d5778,deterministic_control,1.0,C0108
688616,西力科技,电网设备,20141231,20240930,False,False,False,False,059f70a18899ce5b5641be86ec95484cb9001d5b52250da9399b37cdf8142896,deterministic_control,3.0,C0109
000157,中联重科,工程机械,20140331,20240930,False,False,False,False,05a6670a67b8884ba1055f0d982078f9e6d57962a32e6523cec4350ec47383cf,deterministic_control,2.0,C0110
002155,湖南黄金,贵金属,20140331,20240930,False,False,False,False,05b36fa15d84802924610909c90528078f8aaf463c42aee0bfa772b9960d6c27,deterministic_control,2.0,C0111
300383,光环新网,通信服务,20140331,20240930,False,False,False,False,05ba5ff0f0f42a12f3d3866e70716085227b8c9cf04b587ad19cac4f4ac07aba,deterministic_control,1.0,C0112
605011,杭州热电,电力,20161231,20240930,False,False,False,False,05beccc9bd72e06b2987dfa163194746d4cf07e07e21cb4fd15083eb0dcaf977,deterministic_control,1.0,C0113
601500,通用股份,汽车零部件,20141231,20240930,False,False,False,False,05d0c28addd1574e6a0f19c48c2583634186cdd5d0294e1947918e36d60ac0c0,deterministic_control,3.0,C0114
300627,华测导航,通信设备,20141231,20240930,False,False,False,False,05d6eceea64519ad7d59fa70d9bf2dc143b9390565c1080c78d79e57e1b99e06,deterministic_control,2.0,C0115
600201,生物股份,动物保健Ⅱ,20140331,20240930,False,False,False,False,05d8928685aab2f04f271e862e506df7c81b7161116cac56f7c9e88b174ac3a1,deterministic_control,1.0,C0116
688682,霍莱沃,军工电子Ⅱ,20171231,20240930,False,False,False,False,05df826fd4b724483cfa4274351dc492bb3268125edce35e2662748762593dde,deterministic_control,1.0,C0117
688739,成大生物,生物制品,20140630,20240930,False,False,False,False,05f46f86e46a1d7c8f21721b3436ab2a4563e6109b72dbf0ea0fd6858a4967fc,deterministic_control,2.0,C0118
603280,南方路机,工程机械,20171231,20240930,False,False,False,False,060bb5fd26b244a04faa5c34639d9ae37959c944db8368569174ffef7871d88a,deterministic_control,3.0,C0119
301158,德石股份,专用设备,20151231,20240930,False,False,False,False,062b94cb8fb51c28659304f61899405d36c7fa0aa773c00e052fb5d8e94c8197,deterministic_control,4.0,C0120
688292,浩瀚深度,计算机设备,20141231,20240930,False,False,False,False,0630912f7570b2e89abb750f9bd05848e4ff132840306a0c30e5f6bfa0edd100,deterministic_control,1.0,C0121
603833,欧派家居,家居用品,20140630,20240930,False,False,False,False,064d389a59a3ee0c2bae9bfbd2b2f806bc1703c402f08f62868358a405b34e26,deterministic_control,1.0,C0122
600790,轻纺城,一般零售,20140331,20240930,False,False,False,False,0660e5e1624a9278bf938f770565ee426255de5b6bb727d45a4040aed282a63b,deterministic_control,3.0,C0123
003017,大洋生物,化学原料,20141231,20240930,False,False,False,False,066ac9263ba0c3e474f4d669e996e4651636fc012e46682252cf5a90485be817,deterministic_control,2.0,C0124
002783,凯龙股份,化学制品,20141231,20240930,False,False,False,False,067465905346b641a11fe7dbcfe4e1b2822e4f7af527e304b3ec8fe64b11f4e8,deterministic_control,4.0,C0125
688332,中科蓝讯,半导体,20181231,20240930,False,False,False,False,06802588e26eefd1044d538cf67598b5787d4c67a1fdadc8ea71b98679f187c5,deterministic_control,4.0,C0126
688019,安集科技,电子化学品Ⅱ,20161231,20240930,False,False,False,False,06ad7732ccc275782ba5fee6a4511f5dfcd2047e0c8b2c1e9b43fc0e37a07160,deterministic_control,2.0,C0127
603987,康德莱,医疗器械,20141231,20240930,False,False,False,False,06b1fa2109371961d9e44247e655123e10ccb96fbabafa479694c7b2966af8c7,deterministic_control,2.0,C0128
300746,汉嘉数智,工程咨询服务Ⅱ,20141231,20240930,False,False,False,False,06d2e96b7b3fd9947c8de0396ca50ebaf7c34fa5fa3c5162744500c595effad4,deterministic_control,3.0,C0129
603078,江化微,电子化学品Ⅱ,20141231,20240930,False,False,False,False,0707e07aeac2411ab9a4d99f59f9254ce763d1f882decef89f49f89e55ac8e0f,deterministic_control,3.0,C0130
603162,海通发展,航运港口,20140630,20240930,False,False,False,False,071ff9b3dae287c057071da0d59d3bdd8681a25dda7cd3a21e695ed62168e46f,deterministic_control,2.0,C0131
688775,影石创新,消费电子,20171231,20240930,False,False,False,False,072dd7fde6d765e8c7e715d8e4b277018fd1e8eee43fbfc47bddf868da8d55f6,deterministic_control,2.0,C0132
600300,维维股份,饮料乳品,20140331,20240930,False,False,False,False,0738474aa2fd4cb03bc0a46a337976a2046359fa7b89507c98e8c47f4990bca3,deterministic_control,2.0,C0133
600760,中航沈飞,航空装备Ⅱ,20140331,20240930,False,False,False,False,074a25f9bd0eee31e7a1b5c0791744b6ffb66fb8472c5de1b415737252242a95,deterministic_control,1.0,C0134
002911,佛燃能源,燃气Ⅱ,20141231,20240930,False,False,False,False,07954533773a766a08541e5df8fa558e90860b470299d271605bc8d90a9bf5ad,deterministic_control,3.0,C0135
300825,阿尔特,汽车服务,20141231,20240930,False,False,False,False,0796fdff9b5b928b6ced5eb801102ead90712d50797c97d4359a84716639ab46,deterministic_control,1.0,C0136
600373,中文传媒,出版,20140331,20240930,False,False,False,False,07a397070af73e24a292b73ac6ec239ba8367054b8268539f7182e87ce80b664,deterministic_control,1.0,C0137
301510,固高科技,自动化设备,20181231,20240930,False,False,False,False,07f2d83c9728e7eb780c56ec248bccdd9917cb9beb9135a39c19e80ad6ffced5,deterministic_control,4.0,C0138
601963,重庆银行,银行Ⅱ,20141231,20240930,False,False,False,False,0808b978023cb84517b3a025aa07e5db7aa83b366034f5786fa552df055f622f,deterministic_control,1.0,C0139
301179,泽宇智能,电网设备,20171231,20240930,False,False,False,False,081ea37a1eecd5fc64db5d86c5b48ab40bda17916c4cbed6b8d50067d20d5284,deterministic_control,4.0,C0140
688166,博瑞医药,化学制药,20161231,20240930,False,False,False,False,082993ed053433f79ffc18469703a6ea312043021d1a67e87c8327b819f651dc,deterministic_control,3.0,C0141
002128,电投能源,煤炭开采,20140331,20240930,False,False,False,False,08350dd8342dda558393e86c26741df29bd556eb401b1336aca9bbeac5fd48d3,deterministic_control,1.0,C0142
600211,西藏药业,生物制品,20140331,20240930,False,False,False,False,0836744552f4d691b000542e18ee99ecc317b2e0ab83c17190d026c38d5a2781,deterministic_control,3.0,C0143
002432,九安医疗,医疗器械,20140331,20240930,False,False,False,False,084c8bf3d3b0ec866733f90abea1a20491453fcb8238db835ffacaa3d2044382,deterministic_control,3.0,C0144
601066,中信建投,证券Ⅱ,20140630,20240930,False,False,False,False,0869be310040f3367edf96f72ee8bb90ac308aadc0bffd58f7ce8cdf8a03dfa6,deterministic_control,2.0,C0145
688716,中研股份,塑料,20141231,20240930,False,False,False,False,087e14fdb5781146ce5334db3485fa6fda6e2b0288313f84f6f7c3f96f010392,deterministic_control,3.0,C0146
600789,鲁抗医药,化学制药,20140331,20240930,False,False,False,False,08916a22991274c4c277478e696c7622e05f0ae7b9b9907587e880c9aeb64ca7,deterministic_control,4.0,C0147
300735,光弘科技,消费电子,20141231,20240930,False,False,False,False,0898515f15c7a9b50f1a1efc3254a150d9592a1fb22b4661b1e1e2c8c284a7d5,deterministic_control,3.0,C0148
600776,东方通信,通信设备,20140331,20240930,False,False,False,False,08a901555cfae4309d6c56e3b6fc27177dbacdca3cdc08f51c55d442ac59b171,deterministic_control,3.0,C0149
603677,奇精机械,家电零部件Ⅱ,20140630,20240930,False,False,False,False,08c498c39e8367bc9e65d800fa955e8d4512ef370e4bc7eb3e0a3d19f1c2b57d,deterministic_control,1.0,C0150
601696,中银证券,证券Ⅱ,20140630,20240930,False,False,False,False,08d85da7abbafcd58ddef422909acce043d7d092814289789c193d56ba8ef6f9,deterministic_control,3.0,C0151
000636,风华高科,元件,20140331,20240930,False,False,False,False,08f501fec4fbc79b1be046e24e101b31da2f292f69d3f20eedfd3dce0602eac2,deterministic_control,1.0,C0152
601633,长城汽车,乘用车,20140331,20240930,False,False,False,False,092f3704ae95d134df8591d4679aea5a039105e4772343269ac6cfb6a0c1ea58,deterministic_control,1.0,C0153
002724,海洋王,照明设备Ⅱ,20140331,20240930,False,False,False,False,0946adfd8f98755d92c153c69162d90748e82688d20da42c39723167343b948b,deterministic_control,2.0,C0154
605377,华旺科技,造纸,20140630,20240930,False,False,False,False,094f0e930a37618e69b670591843783faadad5dea8f7fb1f95010daa3cc55be8,deterministic_control,2.0,C0155
603725,天安新材,家居用品,20140331,20240930,False,False,False,False,095121428928b12394f1ac4c22e37b02453b5e5025d03e2444d31375d8e38512,deterministic_control,2.0,C0156
301131,聚赛龙,塑料,20141231,20240930,False,False,False,False,097c06b2229353541e064fc2c5b7275f2e5e59fd747c8e2e109397b79863ffb5,deterministic_control,4.0,C0157
688576,西山科技,医疗器械,20141231,20240930,False,False,False,False,098bf73f0d28f36712af38c303b2ab7193fcba537f85b69f29aa74ed62fdaef8,deterministic_control,4.0,C0158
001280,中国铀业,小金属,20211231,20240930,False,False,False,False,099b51c094aa8791a08773f8acd961aa3924a6e7fd0e4e771c67d6be2c1527f4,deterministic_control,2.0,C0159
605151,西上海,汽车零部件,20141231,20240930,False,False,False,False,099ea8503d174de092c2cf97097a0ff9a38e7d27efcee675502d8e9ec91ec092,deterministic_control,4.0,C0160
688178,万德斯,环境治理,20161231,20240930,False,False,False,False,09dda58c9e89477c819a96f08760c491626b557ac8c23a594bf0c4703e6fccab,deterministic_control,4.0,C0161
300979,华利集团,纺织制造,20171231,20240930,False,False,False,False,0a00a60c93e641ecc976f983c1f5302f4f1f6b461a024fb0ed81c8760614ff78,deterministic_control,2.0,C0162
300878,维康药业,中药Ⅱ,20141231,20240930,False,False,False,False,0a0d4d8fa43ce47ced2110c2157135b4596ab4c3db63efbdd4a62e4bed2e8b51,deterministic_control,3.0,C0163
301486,致尚科技,消费电子,20181231,20240930,False,False,False,False,0a0e20472c7167810036e023114c04b2d6e68f65081efc9ec7d61ed85101ec65,deterministic_control,4.0,C0164
000810,创维数字,黑色家电,20140331,20240930,False,False,False,False,0a418d614a025760ead621d8516bd7c08955fd4dc49a1103fc49871e720a7394,deterministic_control,1.0,C0165
301382,蜂助手,通信服务,20141231,20240930,False,False,False,False,0a828b5968d068cb2d733d95a38100b2ec858ebb9f71c6cdb799f45514d503b4,deterministic_control,2.0,C0166
600301,华锡有色,小金属,20140331,20240930,False,False,False,False,0a9eaf97b386511bbb9cb5a0e285c285f662ea17ef664fe7b06c2b76cad4cc24,deterministic_control,3.0,C0167
300759,康龙化成,医疗服务,20141231,20240930,False,False,False,False,0ac89bffdc4ada16e7a16881599fd9a146cac6667583aa6f1d3aeaad9abf7180,deterministic_control,1.0,C0168
002177,御银股份,一般零售,20140331,20240930,False,False,False,False,0ad6310ae53d8c8843eb12f939b202a137db2a8716bc2d67f88d02ebcc4fc37b,deterministic_control,4.0,C0169
301257,普蕊斯,医疗服务,20141231,20240930,False,False,False,False,0b46d451bd7e2f7a3acbabea78e4e9539ff1c9ecbd65716337f685db1672b734,deterministic_control,2.0,C0170
301141,中科磁业,金属新材料,20181231,20240930,False,False,False,False,0b5ae4ce19392144004697a50eb09afd952eee03d74d25e966679dd56bab2dcf,deterministic_control,1.0,C0171
601618,中国中冶,专业工程,20140331,20240930,False,False,False,False,0b91526d5e640832eca355754ac1b5916fba1e95a94619650f06966926a96b8b,deterministic_control,3.0,C0172
002290,禾盛新材,家电零部件Ⅱ,20140331,20240930,False,False,False,False,0b95cec46c1dc698e99197700cd3da5633c1ef88896bafd2e4d04dbd91cadfe2,deterministic_control,2.0,C0173
600018,上港集团,航运港口,20140331,20240930,False,False,False,False,0ba54e31fb3d7651d8ed90475a7fc446ab2d1d3d84ff5e1a8d36d5a0d6c4b349,deterministic_control,3.0,C0174
600153,建发股份,物流,20140331,20240930,False,False,False,False,0bc43627f96c908c434bea58b7cde6700fa11992dbcfd2415d27e90c90ae62cc,deterministic_control,3.0,C0175
300883,龙利得,包装印刷,20140630,20240930,False,False,False,False,0be859bb7d09806bb5827959ce79b3da49767a296da41729cc98f52fac104115,deterministic_control,2.0,C0176
600189,泉阳泉,饮料乳品,20140331,20240930,False,False,False,False,0c18db2e29bcf82870f295a31b9760aabb61d931405b428fd18a57c89befa302,deterministic_control,3.0,C0177
002772,众兴菌业,种植业,20140630,20240930,False,False,False,False,0c4e48483eb1a94c6f04e9db33893902575e5e8f8c52dc68a60f9716d1536807,deterministic_control,1.0,C0178
301318,维海德,计算机设备,20141231,20240930,False,False,False,False,0ca38bd53fb2036748e877a7285bf21cad164159f3e6e920f009d60a07192cd5,deterministic_control,2.0,C0179
300531,优博讯,计算机设备,20141231,20240930,False,False,False,False,0ca847b77307e92fe9e6c4a3c08f9cc656a7377d793650291b05f08d60c3c970,deterministic_control,3.0,C0180
603680,今创集团,轨交设备Ⅱ,20141231,20240930,False,False,False,False,0cb76262e1c409055aea69657649498e0d24493cc90ca201d03e590790f2bd1c,deterministic_control,2.0,C0181
300002,神州泰岳,游戏Ⅱ,20140331,20240930,False,False,False,False,0cc5af33f126b2b8249e0a9a87c44eef752c8e9229af6f8cdee3200aa35c9bc2,deterministic_control,1.0,C0182
002748,世龙实业,化学原料,20140331,20240930,False,False,False,False,0cc97c3c089900e9197d29b95484bd21f5a185c151ca99c8d5a19120fe567e66,deterministic_control,3.0,C0183
600035,楚天高速,铁路公路,20140331,20240930,False,False,False,False,0d0464c39c7fa32e900069ac307f0fc93be23c66c6bc94f1eac86a9190914d1a,deterministic_control,1.0,C0184
603332,苏州龙杰,化学纤维,20141231,20240930,False,False,False,False,0d156b654629ac34a5d0ef58e6eac5fcb7abd45e163ff94b75883742331f105d,deterministic_control,2.0,C0185
000548,湖南投资,铁路公路,20140331,20240930,False,False,False,False,0d622e04df16e10aa1e3334b7c51f78d6aa6ab1795fa6977f5bd09485d2442b6,deterministic_control,2.0,C0186
000913,钱江摩托,摩托车及其他,20140331,20240930,False,False,False,False,0d758984916dc5b9d852cd0adb693c28de4e5230192578907578c19cf04201fa,deterministic_control,1.0,C0187
002658,雪迪龙,环保设备Ⅱ,20140331,20240930,False,False,False,False,0dc3fe5685262aa8caa60f63e2d2e3ab26eccf48fbcd40958a55fda5b583874d,deterministic_control,3.0,C0188
603589,口子窖,白酒Ⅱ,20140630,20240930,False,False,False,False,0dec0710275d7c4d04c6b21439a2cf9449bc4aea8c92bb8023a382fe4dc6acba,deterministic_control,1.0,C0189
300182,捷成股份,影视院线,20140331,20240930,False,False,False,False,0e1b79c6ba4d74b2396b59264f77016038ad9a1ce3e7ee1ed0e5481253bfe42a,deterministic_control,1.0,C0190
300474,景嘉微,军工电子Ⅱ,20141231,20240930,False,False,False,False,0e3d7662edfb23343b7d900d52cae35ad585fb1475dce85546b497837a931980,deterministic_control,2.0,C0191
600033,福建高速,铁路公路,20140331,20240930,False,False,False,False,0e4e37a7858090d0e3308dc5273c90fea1b58850fd10447e8f9ee2fc79d50235,deterministic_control,3.0,C0192
000036,华联控股,房地产开发,20140331,20240930,False,False,False,False,0e73192b7e67d20bf94cf24ae6c43de7d2d3ae42bd619cde68b34fae0f843b18,deterministic_control,2.0,C0193
001231,农心科技,农化制品,20181231,20240930,False,False,False,False,0e73efd791b3e01d52760f1dac2bf233f1497dd3b910385d18bf3ab3a622235a,deterministic_control,3.0,C0194
000791,甘肃能源,电力,20140331,20240930,False,False,False,False,0e884fdb7dc2f82a6383913975027cd44da1fcc1e6ab4fb76c3c8e934cd44aac,deterministic_control,2.0,C0195
000028,国药一致,医药商业,20140331,20240930,False,False,False,False,0e90c10af21597519c48108979d76d526a57f155c5a84b806ad9fdc8fc5b14a4,deterministic_control,1.0,C0196
002111,威海广泰,航空装备Ⅱ,20140331,20240930,False,False,False,False,0e94b0ceb0de9b3ec7c13e78b3f8b88299cf7f49c2618a4fc06c68f3333605aa,deterministic_control,2.0,C0197
002563,森马服饰,服装家纺,20140331,20240930,False,False,False,False,0ec7664ef1df0094bcfa9c876b5da8ac1072dc13d9ddc9bf68f5b7895f03c344,deterministic_control,3.0,C0198
300143,盈康生命,医疗服务,20140331,20240930,False,False,False,False,0ed17b2a2c3de42693620f02b2b6eb199c48ef48518b28ed11975b538af5244e,deterministic_control,3.0,C0199
601686,友发集团,普钢,20161231,20240930,False,False,False,False,0f26f9988ab644cfc6cfa6c87f724c060114b471a80cfc55a5524a35aadde161,deterministic_control,1.0,C0200
300491,通合科技,其他电源设备Ⅱ,20140930,20240930,False,False,False,False,0fd57127ff7c4a6696eb744ac50e263e580254aad2023625bb534154822cd631,deterministic_control,1.0,C0201
000676,智度股份,广告营销,20140331,20240930,False,False,False,False,0fee2da7fea93c003130e86e58834c4f8adc30bb32009d417bd9fa6603b0a89a,deterministic_control,1.0,C0202
002594,比亚迪,乘用车,20140331,20240930,False,False,False,False,0ff19adc1e5a528162ac8bbb33a852867f2a91b393cc4300ab6a0509b9ebedd9,deterministic_control,2.0,C0203
002015,协鑫能科,电力,20140331,20240930,False,False,False,False,1026fe87811430d80401194279fcd4e6d13cd75b942c7dda3f1c44fcb8ce3dff,deterministic_control,3.0,C0204
002457,青龙管业,装修建材,20140331,20240930,False,False,False,False,10332b022d6a3fb779c729fb50e685d56989407675b342bff68dc5cae153560f,deterministic_control,2.0,C0205
002381,双箭股份,橡胶,20140331,20240930,False,False,False,False,1038086041daf081468fc6f7449eb66c4b4283171ece4e870f70893feed75e4b,deterministic_control,2.0,C0206
000975,山金国际,贵金属,20140331,20240930,False,False,False,False,104a03507fbbbfba01e2a34bbcb9e0409108817cdf5f4f30ab558b57fef7a576,deterministic_control,3.0,C0207
300618,寒锐钴业,能源金属,20141231,20240930,False,False,False,False,10e278a1de62189f7de356b4eb779fbc0957c0ff0bf15c8fc8044c7729b2596b,deterministic_control,1.0,C0208
600765,中航重机,航空装备Ⅱ,20140331,20240930,False,False,False,False,10e340a09fdd3f69bd266c5403af60154c11d2a71d9be2360aef8bd81ed9826f,deterministic_control,3.0,C0209
300905,宝丽迪,化学纤维,20161231,20240930,False,False,False,False,111e0a3da0b8584f7c95f1f8debe083aafdcf04f75f11fd314276786351c8e5e,deterministic_control,3.0,C0210
002093,国脉科技,教育,20140331,20240930,False,False,False,False,11a9991a0cd2e0a2a0c4844f59eb3be6b0a58f52a0661de7c58a03aac8d8dfe7,deterministic_control,2.0,C0211
002752,昇兴股份,包装印刷,20140331,20240930,False,False,False,False,11ab1ad74e55625b13e1924162aed2ff92b7f564c487fcdc49e8a35963479ae2,deterministic_control,3.0,C0212
688411,海博思创,其他电源设备Ⅱ,20201231,20240930,False,False,False,False,11b008a126df347282f4eb2f56449cf96e1040b5d00fed9b6f39a90f28b0f5e6,deterministic_control,2.0,C0213
605258,协和电子,元件,20141231,20240930,False,False,False,False,125bfefe744abe76dd35afc13aac716a0aac52524016f173482fb489cbe4b9bb,deterministic_control,2.0,C0214
600036,招商银行,银行Ⅱ,20140331,20240930,False,False,False,False,12b165e918baf61410c1061536c083afae43461e6b3694dcee78f328638d2cd6,deterministic_control,2.0,C0215
000404,长虹华意,家电零部件Ⅱ,20140331,20240930,False,False,False,False,12cdea4790f9c1d5cbea4ace144ad5b501b139dbe2a677c6638bde334028e8fb,deterministic_control,3.0,C0216
301004,嘉益股份,家居用品,20171231,20240930,False,False,False,False,1316df19ea95e66af811223eb3be95c6a4edea81993a12693e9e1ebdfc04cfc4,deterministic_control,3.0,C0217
600308,华泰股份,造纸,20140331,20240930,False,False,False,False,131afa4af8b1fd588dc0bbfede47d63f7998407096fb3339ae2d4dd9df11cf69,deterministic_control,3.0,C0218
301215,中汽股份,汽车服务,20171231,20240930,False,False,False,False,1340557975c455ad4b6c8de5729caeff77ebdf8dc97c4b99dc4a6209a33a0bcb,deterministic_control,2.0,C0219
000729,燕京啤酒,非白酒,20140331,20240930,False,False,False,False,139094e3016f575fec47774f58285d0eb47c6f9553807fbcb8bea57b9888a7f2,deterministic_control,1.0,C0220
601890,亚星锚链,航海装备Ⅱ,20140331,20240930,False,False,False,False,13afcb799533351cca8304cea047e7b1e4ca062024dcebfc1c7ec63c207de43f,deterministic_control,2.0,C0221
002098,浔兴股份,纺织制造,20140331,20240930,False,False,False,False,13c45b199e0f2ea613ccd265bfd3e9cad4dc55ea0abd8551345a972551745e4f,deterministic_control,3.0,C0222
000897,津滨发展,房地产开发,20140331,20240930,False,False,False,False,13f22d69193dd1dd3a2f5f6afec67d52243e8b7d6a64fe375ed417743fad99da,deterministic_control,3.0,C0223
300058,蓝色光标,广告营销,20140331,20240930,False,False,False,False,1419a743bee09e4ca462af056754335e039a0dcbb8057171d703ef2e8b984133,deterministic_control,2.0,C0224
601601,中国太保,保险Ⅱ,20140331,20240930,False,False,False,False,149d007091df4667ee3b38977941ab863ca26491847dd267eb8ac66e0f718ec0,deterministic_control,1.0,C0225
000799,酒鬼酒,白酒Ⅱ,20140331,20240930,False,False,False,False,14b632e99ff6dc57c27235d0aa4c961724829661d4f49d565feb531edcba156e,deterministic_control,2.0,C0226
301498,乖宝宠物,饲料,20181231,20240930,False,False,False,False,14b8922ef70dfa174589098c87e2b7b86d9d6628cd765731129fd71518b3ad4c,deterministic_control,2.0,C0227
601061,中信金属,贸易Ⅱ,20181231,20240930,False,False,False,False,1501d78f31b4c9d426c5fbc32030dea812f90aa8ea7abb0f93a29a0a2ad507e6,deterministic_control,1.0,C0228
301289,国缆检测,专业服务,20181231,20240930,False,False,False,False,1526ba2131654a9cf3332c8cab34e3211263adaee4ffa92ab295d9aacdf421bb,deterministic_control,1.0,C0229
300693,盛弘股份,其他电源设备Ⅱ,20141231,20240930,False,False,False,False,1550234977b5e9565768d1e013d48daa6661e683d3e0e2b069a002146c938b7e,deterministic_control,3.0,C0230
003005,竞业达,IT服务Ⅱ,20161231,20240930,False,False,False,False,158113c7c5356ece93053d5f243c77734a6a427d16cb637fb86234c597caeb0e,deterministic_control,3.0,C0231
603612,索通发展,非金属材料Ⅱ,20140630,20240930,False,False,False,False,15e5c38d2ecc2cd3b0fcaffb4364900fdad4babf8740fdb76998c9183305f277,deterministic_control,2.0,C0232
603881,数据港,通信服务,20140630,20240930,False,False,False,False,15ecbebc7e15dceb596fc7623ff28a5ecc1cbdb9026f92116afa3aecd1b99323,deterministic_control,3.0,C0233
301099,雅创电子,其他电子Ⅱ,20171231,20240930,False,False,False,False,15fcd88b6f0a8eb5ae0819f650a4d9f6a50817295399932495ded4f2892e2e59,deterministic_control,2.0,C0234
002224,三力士,橡胶,20140331,20240930,False,False,False,False,16133fd49c5485983ebe20242b53eb6b4a7ff94f0699e5c9f2d694ea8ceb7e60,deterministic_control,3.0,C0235
688662,富信科技,其他电子Ⅱ,20171231,20240930,False,False,False,False,163c760e88cb22b7dc2615c162158dd47e3a2aad7014a169f7d12adc7c898a93,deterministic_control,3.0,C0236
002847,盐津铺子,休闲食品,20141231,20240930,False,False,False,False,1641b6bbf282cb7e7585bd990108ccedd1f113593fa2cda04d7e24c29a2f5c63,deterministic_control,2.0,C0237
301658,首航新能,光伏设备,20191231,20240930,False,False,False,False,168647c605a801abd82fbcafeae2e20567b36adeeaf32809410a4e15dd6d2d28,deterministic_control,3.0,C0238
300792,壹网壹创,互联网电商,20141231,20240930,False,False,False,False,1721359f081e7ce8bdef16f45eebb96819ca21377f4b6cd411c05bf253844f6e,deterministic_control,1.0,C0239
000681,视觉中国,数字媒体,20140331,20240930,False,False,False,False,176ebd38234d3c05ccc9934330b5edcf7eb01d48ffeea82201cded91b8bda2c8,deterministic_control,1.0,C0240
600115,中国东航,航空机场,20140331,20240930,False,True,False,True,1850dc7efafb836f57ae72b988fb68ea0112c79f2974b2dd89488d7c0b30b7fc,deterministic_control,1.0,C0241
603716,塞力医疗,医药商业,20141231,20240930,False,True,False,True,186897b1e7f2ad3048e20808fa3605e6e00f524c1e7c953998b89d4c62114c47,deterministic_control,2.0,C0242
000607,华媒控股,广告营销,20140331,20240930,False,False,False,False,1a1de6609fe0821785d722b5d7830a318ebecb957d172e05aac02bc0f70a5720,deterministic_control,3.0,C0243
002461,珠江啤酒,非白酒,20140331,20240930,False,False,False,False,1a52a9f3981a76e3358c7942a7ac9b4a802f081fdcaba2415415d9d7f2360d12,deterministic_control,2.0,C0244
000563,陕国投A,多元金融,20140331,20240930,False,False,False,False,1a623eea2628a073d9605e333b10389e1a233b87f625da608b2b30158a67d832,deterministic_control,1.0,C0245
002423,中粮资本,多元金融,20140331,20240930,False,False,False,False,1a9ea9f2fbe200a6733c7a04888424e4ce7cb006eb64af09a02c596ed88f4e8e,deterministic_control,2.0,C0246
600293,三峡新材,玻璃玻纤,20140331,20240930,False,False,False,False,1aa2474d8655755ebc7e763d730a6a02cd3ead123da8e00b2d2cbea5102e806a,deterministic_control,2.0,C0247
002721,金一文化,饰品,20140331,20240930,False,False,False,False,1aba35c75a0b81dd818f72a77853618d5bab77663e64125967168e5661030940,deterministic_control,1.0,C0248
002867,周大生,饰品,20140630,20240930,False,False,False,False,1af1f43ef2d8539597f016a92140cec8c1211d3321863fc5de0340d40041a647,deterministic_control,2.0,C0249
601121,宝地矿业,冶钢原料,20141231,20240930,False,False,False,False,1b00efdd7a288ecc5c4a01a0bf30ec98ff4369ea9b23dbfcd04c6e4d5158b746,deterministic_control,2.0,C0250
301622,英思特,金属新材料,20141231,20240930,False,False,False,False,1b1a5048e985f5ab3e1eaea8180f19ef729563e69b43e752f254813aa4b66235,deterministic_control,2.0,C0251
002558,巨人网络,游戏Ⅱ,20140331,20240930,False,False,False,False,1b3dd13dc1e9cbaddb6ce7a0cda4ede49f94a2701bb5b56a09f627f905fc7a65,deterministic_control,2.0,C0252
603027,千禾味业,调味发酵品Ⅱ,20141231,20240930,False,False,False,False,1b73bf1824ad52636e70c063aba133688f7dbbb9797b62b0bdda098d98eb49d4,deterministic_control,1.0,C0253
603137,恒尚节能,装修装饰Ⅱ,20181231,20240930,False,False,False,False,1b7ff860ea45fc3387fa945c49f0959fca5c432c57d868996b625a445c3e535d,deterministic_control,1.0,C0254
689009,九号公司,摩托车及其他,20161231,20240930,False,False,False,False,1beb560e298e42607075480721ddb2cfec98e225cbee1003359353126ba33952,deterministic_control,2.0,C0255
301177,迪阿股份,饰品,20171231,20240930,False,False,False,False,1c04cd1c8a141cb8dc68c9a825ddc8474913cb3d1b2fb7d5bc708a105f4eafa8,deterministic_control,3.0,C0256
600679,上海凤凰,摩托车及其他,20140331,20240930,False,False,False,False,1c3b8bb1628b9c47a6298ecaa47c26f7c3d1c60468848eaeeafd7b4d2fcae8bf,deterministic_control,3.0,C0257
603605,珀莱雅,化妆品,20141231,20240930,False,False,False,False,1c50d18b6f4e5001a697c524428e5333c56cf8ba0d6aaa861af0ff89edd25a84,deterministic_control,3.0,C0258
300673,佩蒂股份,饲料,20140630,20240930,False,False,False,False,1c5f58aa65c88824c87bb289c9746d8c38a2392aed4bcfc6b8eec310cd5781bb,deterministic_control,3.0,C0259
300773,拉卡拉,多元金融,20141231,20240930,False,False,False,False,1d353784d02bfa84ab714130fd0c8121d0ec8c90855b45837291ddf5c21df3ff,deterministic_control,3.0,C0260
300930,屹通新材,金属新材料,20161231,20240930,False,False,False,False,1d8359c749500eb6ed0fb08cd7201b0be074e0ace1a073430fd7ae0c5a03674e,deterministic_control,3.0,C0261
600876,凯盛新能,玻璃玻纤,20140331,20240930,False,True,False,True,1d95e49b3f8547d01fb689fd993ac2b3ca24d5521b382518d55973cfb073641b,deterministic_control,3.0,C0262
603038,华立股份,装修建材,20140930,20240930,False,False,False,False,1dfd990c5cb24a6ea0143bb18126c915fac13355d6e00f12182da09c9dc792af,deterministic_control,3.0,C0263
688011,新光光电,军工电子Ⅱ,20161231,20240930,False,True,False,True,1e1120d254fdec47ef8c4ad35ad88092b64daefed48311bf00f83122b9f55c1d,deterministic_control,3.0,C0264
601668,中国建筑,房屋建设Ⅱ,20140331,20240930,False,False,False,False,1e6ab6b9edd8c9b7f18fce6e4edd4d3654c4545376e63be2ec604815812eb6fd,deterministic_control,1.0,C0265
003037,三和管桩,水泥,20161231,20240930,False,False,False,False,1eec7183a95d7dfca6c720c4e3042ff0dbafdb8d3777eb267f689d46c5392b8c,deterministic_control,2.0,C0266
300922,天秦装备,地面兵装Ⅱ,20140630,20240930,False,False,False,False,1f01b1de5db0d79b1590ca64f69061f25b12c16098f2b7677ae989f85b27c58c,deterministic_control,1.0,C0267
603057,紫燕食品,休闲食品,20181231,20240930,False,False,False,False,1f1d697a20fa0643fd7d7fe44e9cabc84fe617495a311269381d32e50a05a5d8,deterministic_control,3.0,C0268
002967,广电计量,专业服务,20140630,20240930,False,False,False,False,1f2fb3e0312e34624698ab692968db2d2c2b65315af77f9a5a121fc099b8f9e3,deterministic_control,2.0,C0269
603186,华正新材,元件,20141231,20240930,False,True,False,True,1f37716592b42dacd76c4f5c517767ffca659a992b033af16c3ae293d9b3b3fc,deterministic_control,3.0,C0270
600539,狮头股份,互联网电商,20140331,20240930,False,True,False,True,1f3fb1898d3dde82588e423fea55158ec3361485ccd6e87e5a5782bc90a779fc,deterministic_control,2.0,C0271
600104,上汽集团,乘用车,20140331,20240930,False,False,False,False,1f62a449fa381734f758dee7d5da60388d6b3e037f4b7f75ddf0f5fb8fcf5363,deterministic_control,3.0,C0272
600737,中粮糖业,农产品加工,20140331,20240930,False,False,False,False,1f7500c46525c19a882d53b8b0ab1fe7aa9ff696f29e9bfee6986829734b46d5,deterministic_control,1.0,C0273
603320,迪贝电气,电机Ⅱ,20140630,20240930,False,False,False,False,1f95bb46399f31985e80e08fad58a0c73a597e60501db6105cf7e9323d221c15,deterministic_control,2.0,C0274
601928,凤凰传媒,出版,20140331,20240930,False,False,False,False,1f96a62613710afc85fd30c55d909b4a5a67a035252edeb9ac1ad9be3e9a4a4d,deterministic_control,2.0,C0275
002183,怡亚通,贸易Ⅱ,20140331,20240930,False,False,False,False,1f9bd9e9d82a21714082bd407e9d7c6d2ee7d038b881d5f403db2f913b595a03,deterministic_control,2.0,C0276
601921,浙版传媒,出版,20171231,20240930,False,False,False,False,1fedd688c56b34e6e887692786bc56bbdcccf0762214bb53fbd53351c79002fb,deterministic_control,3.0,C0277
600764,中国海防,航海装备Ⅱ,20140331,20240930,False,False,False,False,200568fb383d678731109cd5c0e61dd3f3e7cfc2e5ee83eb0c2143150dc61080,deterministic_control,3.0,C0278
688696,极米科技,黑色家电,20171231,20240930,False,True,False,True,2072ea4432d80de7026d3dc64c5fc37c893e32e003b628c8cde9102cb4e913a6,deterministic_control,2.0,C0279
000709,河钢股份,普钢,20140331,20240930,False,False,False,False,20ed52d3a3c0fd0a4312e69ddd5be6430eee36600a9857a6796b01eec8d22c3b,deterministic_control,2.0,C0280
001296,长江材料,非金属材料Ⅱ,20140630,20240930,False,False,False,False,21c51eaa3b322b35680a2e84b22e343f6a9b743cf3d093a6621f32f0f59115f4,deterministic_control,3.0,C0281
600371,万向德农,种植业,20140331,20240930,False,False,False,False,21cef2e45cd1fdde23aa8d66a746036ac458d405e1e37f6cd297a8f2f79ee706,deterministic_control,2.0,C0282
600506,统一股份,炼化及贸易,20140331,20240930,False,False,False,False,2204e1137e71e9c35015693e792cc3c0d95923c6e78fca31f043ce9553e5656a,deterministic_control,1.0,C0283
600006,东风股份,商用车,20140331,20240930,False,True,False,True,225221a04f12a3f44664eeb677c7ce99f405d841a1f343b55e4f3b1476c62beb,deterministic_control,1.0,C0284
000523,红棉股份,综合Ⅱ,20140331,20240930,False,False,False,False,22550bf3982997844144bcf400f328b31df3d3dae6f212c237a64d8a18cd7390,deterministic_control,2.0,C0285
300770,新媒股份,电视广播Ⅱ,20141231,20240930,False,False,False,False,2270c46ef76f45ed0ebd5904e5fb99108cac67af6a269dc1b69d1a02875f9503,deterministic_control,1.0,C0286
300887,谱尼测试,专业服务,20161231,20240930,False,True,False,True,22d70a7f8501810e7d8fd5169efd6e63b9d91316ed0063295cb57e6678a7e5dd,deterministic_control,3.0,C0287
688459,哈铁科技,轨交设备Ⅱ,20181231,20240930,False,False,False,False,2305d0018143c0978d4207d2f16bdd13bf73d0a2f9fe11e9dccdcef8f4176754,deterministic_control,3.0,C0288
600528,中铁工业,基础建设,20140331,20240930,False,False,False,False,234c26fe5c2603c574c2dbc03143f34bb03d544b514274a97df34ddf108a32b2,deterministic_control,3.0,C0289
000932,华菱钢铁,普钢,20140331,20240930,False,False,False,False,2377d94e35598729a8c42a4f761dc3e1d9dff5edb4e88e8da3c4531dc8c10698,deterministic_control,3.0,C0290
002086,东方海洋,农产品加工,20140331,20240930,False,True,False,True,23af35032dd6144190324cdbed5e1fe345d428b90682220ad50ccd957f3507da,deterministic_control,2.0,C0291
301456,盘古智能,风电设备,20181231,20240930,False,False,False,False,23b16ca01e32f4779ed4cffc5158499f2ea9dccf2c6dc54f1344862a9b61c329,deterministic_control,2.0,C0292
600710,苏美达,贸易Ⅱ,20140331,20240930,False,False,False,False,23e03e08d74f95d891207fed8efff8c6efa1aebb5aface3b2e4946e2acc4630c,deterministic_control,3.0,C0293
000001,平安银行,银行Ⅱ,20140331,20240930,False,False,False,False,240e26479272144e9fa551fed83cc4b3f0bfa222b0f679a454743694574292eb,deterministic_control,3.0,C0294
300772,运达股份,风电设备,20141231,20240930,False,False,False,False,243b0be1fae59e29e9e5f9cabaaf20a75963dbe8e4931315c9acf5fa6d2dc171,deterministic_control,3.0,C0295
000888,峨眉山A,旅游及景区,20140331,20240930,False,False,False,False,247d40873ba3cfa6a2cd5db6f3e9acb05868808eaf7788629f8d251c4dc1d5eb,deterministic_control,1.0,C0296
000929,兰州黄河,非白酒,20140331,20240930,False,True,False,True,248dccc49029e142c6509571168203b934f772b5ac895327ddcc27c597ee2f21,deterministic_control,3.0,C0297
600854,春兰股份,白色家电,20140331,20240930,False,False,False,False,249ef27004633e20cf9b570d4103ceb1ee3753c35adfa7c3cb826b2fb0eb74c8,deterministic_control,1.0,C0298
300592,华凯易佰,互联网电商,20141231,20240930,False,False,False,False,24fd698f49a1395ed86eb770e623964f8e4bff3ef200ef5085b6dcdb1475620c,deterministic_control,3.0,C0299
600056,中国医药,医药商业,20140331,20240930,False,False,False,False,25229903082001b5d92580adb6a2eeaf3266ae9ccb1afc0b6b1f52937a4c759f,deterministic_control,3.0,C0300
603223,恒通股份,炼化及贸易,20140630,20240930,False,False,False,False,261ea756b21472d918bd16190e7f67b3bcc08c26c91695ac5d7adc91c240db56,deterministic_control,2.0,C0301
300722,新余国科,航天装备Ⅱ,20141231,20240930,False,False,False,False,264fdb8afffd25f82a01661a2c4c4f14fa04646705f9ac2a0af1523d1edd47b7,deterministic_control,1.0,C0302
601111,中国国航,航空机场,20140331,20240930,False,False,False,False,265d86d98a556d8bae73bf2c851e78ec50cba0d69754c08de14bcff4acbc3169,deterministic_control,2.0,C0303
603728,鸣志电器,电机Ⅱ,20141231,20240930,False,False,False,False,2698259fe1d374a7c438ff31b44f08face931538a8347119f8fb9fa50055de36,deterministic_control,3.0,C0304
600678,ST金顶,水泥,20140331,20240930,True,True,False,True,26a1a171275384e57335377b85e9a0a86294dd391e83aab5f2618119240a14e7,deterministic_control,3.0,C0305
002739,儒意电影,影视院线,20140331,20240930,False,False,False,False,26d6650ea5c43e183b81c338641460dffad182f751291c29ed30e707a96cc7d7,deterministic_control,2.0,C0306
688688,蚂蚁集团,未知,20171231,20200930,False,False,True,True,271cc4ecc9ede951fc032bac7aa221eafaea03ee1eb7d617a70fbf8f4a4267ef,deterministic_control,1.0,C0307
688098,申联生物,动物保健Ⅱ,20141231,20240930,False,True,False,True,2729241386384cb3e4541cfd99625208c7e155622f84a37e3bed0edd833e8754,deterministic_control,2.0,C0308
002304,洋河股份,白酒Ⅱ,20140331,20240930,False,False,False,False,278573d4d5186f13e04d565238daf5b25bafa90790ec3ecdda9b3ef4d735cff8,deterministic_control,3.0,C0309
300494,盛天网络,游戏Ⅱ,20140331,20240930,False,False,False,False,27cde66b74f629c4f1266501793831fc86e65ab47c4588aab8e997d044ce7651,deterministic_control,3.0,C0310
300785,值得买,数字媒体,20141231,20240930,False,False,False,False,286e1489fab5f1cf5d14bbeacc36583f327f949a629cc61746ef98e652d9a2bf,deterministic_control,2.0,C0311
600186,莲花控股,调味发酵品Ⅱ,20140331,20240930,False,False,False,False,2889559d7a1a985a52b7dae796ef8c4e4eebb499cfdf7ef38aa89fa0c7b14b06,deterministic_control,2.0,C0312
601952,苏垦农发,种植业,20141231,20240930,False,False,False,False,296887c16b34e6dda731a85f52e475a34bff0daf2ab97e85759ed609e4338c97,deterministic_control,3.0,C0313
300728,天常股份,未知,20141231,20170930,False,False,True,True,2a491dcec4d08d2b79d41469a2d4bc3d72b5547c6e7bb2c96824c32c1b9e8891,deterministic_control,2.0,C0314
603402,陕西旅游,旅游及景区,20141231,20240930,False,False,False,False,2a5fc764419bce223f147c423b102fda065f12d6eb86338c3f081b767b42840f,deterministic_control,2.0,C0315
300839,博汇股份,炼化及贸易,20140630,20240930,False,True,False,True,2be3a8acb5157ed68658c55e19de95901eeef1180ac09aecb34768f38a745ae9,deterministic_control,3.0,C0316
600166,福田汽车,商用车,20140331,20240930,False,False,False,False,2c0483f3f364324eec3bb6dc52e278112950bb442489c3a48a6e0c2481dd4d42,deterministic_control,2.0,C0317
605108,同庆楼,酒店餐饮,20141231,20240930,False,False,False,False,2c1b45faa7cabe3525cf2b34c82ebf3597f6f0c931e942250dffdef0e8aef6ed,deterministic_control,2.0,C0318
300329,海伦钢琴,文娱用品,20140331,20240930,False,True,False,True,2c4b3d3a352ef54dbc3931655852b9a026c2112677bf633da72981b6d2a4443e,deterministic_control,3.0,C0319
600530,交大昂立,食品加工,20140331,20240930,False,False,False,False,2c60249f836d808c82d6c352786c18ace05a1365dbfa679df5b7c9f19fe6522b,deterministic_control,1.0,C0320
603566,普莱柯,动物保健Ⅱ,20140630,20240930,False,False,False,False,2d685222c53d2f2bd1a3523c6c47b6f5170cbb3ce32d3273de2edd6206cef3b3,deterministic_control,3.0,C0321
600881,亚泰集团,综合Ⅱ,20140331,20240930,False,True,False,True,2d78922902600dabf309b70b03f53f4f60e1c78464c643d0cf04c9cadec65bef,deterministic_control,3.0,C0322
002677,浙江美大,厨卫电器,20140331,20240930,False,False,False,False,2d98025efad7df60a42a69b09d3791185d099d71774df3cd42e6e991c13e114f,deterministic_control,1.0,C0323
002429,兆驰股份,黑色家电,20140331,20240930,False,False,False,False,2e286a0e11335d4901afd2fa6b23aa95a09c236244ec36ed1412228187a820f7,deterministic_control,3.0,C0324
600792,云煤能源,焦炭Ⅱ,20140331,20240930,False,True,False,True,2e6b9045dad5ee2cafd94b7652d5cabf0ec5b9270f0c088dbeac590d1dee2dcb,deterministic_control,1.0,C0325
000529,广弘控股,食品加工,20140331,20240930,False,False,False,False,2e757ea0aedb561f4acac74f138ae956793fe489e9a4a29dddebe29bf452d20d,deterministic_control,2.0,C0326
002963,豪尔赛,装修装饰Ⅱ,20151231,20240930,False,False,False,False,2ea9b824604eb2224c9bdb794ff3d82deab9a0b939499fa4c5b520b4834d0e14,deterministic_control,2.0,C0327
603506,南都物业,房地产服务,20141231,20240930,False,False,False,False,2fca424230c89c667c443b2047224f4bfb059ef6079f1d2178e1a521efa7838e,deterministic_control,1.0,C0328
000895,双汇发展,食品加工,20140331,20240930,False,False,False,False,30571e889b582eff06b67fdc34221c8798cea1d31c8ea5f565b362f8696d9ff9,deterministic_control,3.0,C0329
300413,芒果超媒,数字媒体,20140331,20240930,False,False,False,False,3059f7217e03dd52ca6eaa4418f9b89fbb6788bc017d10638af1468754087f8c,deterministic_control,3.0,C0330
600188,兖矿能源,煤炭开采,20140331,20240930,False,False,False,False,3128cf0c2dc007f481dab44f8e18ac26755382007ff150e5c9f35565dfbca264,deterministic_control,2.0,C0331
000056,*ST皇庭,房地产服务,20140331,20240930,True,True,False,True,31d5ddeaa48d80d27f6d96b0e32dc68eaf67c4b3ef7c255d81c0bf82c1da0cc6,deterministic_control,2.0,C0332
600121,郑州煤电,煤炭开采,20140331,20240930,False,False,False,False,32157ae76738ed358c6e43d909600757b6d9a09628c8c448d43bf852df035d19,deterministic_control,3.0,C0333
601011,宝泰隆,焦炭Ⅱ,20140331,20240930,False,True,False,True,321def5b57e534787d3a69ebd85c25f39326e167c2bdaf670977a5d89dfe6dfb,deterministic_control,2.0,C0334
603199,九华旅游,旅游及景区,20140331,20240930,False,False,False,False,3258f33ec13f96f63f95a7a123e9faa2e98aa18aa772844878df4bc3062894d5,deterministic_control,3.0,C0335
300506,名家汇,装修装饰Ⅱ,20141231,20240930,False,True,False,True,33e5d6dd247cbcc094b34d05e9c8b6be41de74013fcb7ce5944f107949f45997,deterministic_control,3.0,C0336
000911,*ST广糖,农产品加工,20140331,20240930,True,True,False,True,349ca20278470f8af3a035de35746c8b3c4fb7e447f05b20d78529c53a86bd55,deterministic_control,3.0,C0337
600009,上海机场,航空机场,20140331,20240930,False,False,False,False,364e48a8b43bb3102e99e866782b4cb9685fe37906d5d219aa7a2e5a364191ae,deterministic_control,3.0,C0338
301009,可靠股份,个护用品,20171231,20240930,False,False,False,False,36d4332df4436bd47b528efc211ce5a40ed7cb5d9e3af8b381448fbf398cf95d,deterministic_control,1.0,C0339
000892,欢瑞世纪,影视院线,20140331,20240930,False,True,False,True,38f0065edb72228183288e6c6bdd4684bf7a22487577159413e1c71e27a79b27,deterministic_control,3.0,C0340
688282,理工导航,航天装备Ⅱ,20171231,20240930,False,True,False,True,392742abd718b73809a0a232b3911e33597c28e816fcea3cfe4fe907b7118bb5,deterministic_control,2.0,C0341
600265,*ST景谷,林业Ⅱ,20140331,20240930,True,True,False,True,392b361d2e714624e27caabb3912e2776345a2e5e68aba02b20aa9e3b7374e0e,deterministic_control,1.0,C0342
600822,上海物贸,汽车服务,20140331,20240930,False,False,False,False,39896abddfe21e6c384d697ba4c80e1621eeb43816177a0223d2c894f6d1d69d,deterministic_control,3.0,C0343
000428,华天酒店,酒店餐饮,20140331,20240930,False,True,False,True,39aa57c0ddb22c49a07869eb98aaca763fc6fb3ba61c143d1067d1e94ad4f636,deterministic_control,3.0,C0344
003009,中天火箭,航天装备Ⅱ,20161231,20240930,False,False,False,False,3a8703944a442170cd89f3a68edcf30958e9c88ac5b970a937b28318eb16fa0b,deterministic_control,3.0,C0345
600959,江苏有线,电视广播Ⅱ,20140331,20240930,False,False,False,False,3b0cea332cd7846acbc60ec17455116e2409b6a90f3dfcf8c0b2ca7566436a31,deterministic_control,2.0,C0346
603288,海天味业,调味发酵品Ⅱ,20140331,20240930,False,False,False,False,3be53cc3bc634c7cd8063775ba67352b41acf001d05bc3a430d86f8968c2c28f,deterministic_control,3.0,C0347
001914,招商积余,房地产服务,20140331,20240930,False,False,False,False,3c1a0a6981f7fd5ea5b5f42a228d6c4a2b118fb36906fc55d0207d5e6b7037d7,deterministic_control,3.0,C0348
002466,天齐锂业,能源金属,20140331,20240930,False,True,False,True,3d222e403e4b68c2fbbf05b0986cfccf2928f5a27fd0d6541f08552f3619814e,deterministic_control,2.0,C0349
603995,甬金股份,特钢Ⅱ,20151231,20240930,False,False,False,False,3d46bda91a6753ef886d1d7365cca699931ee655582b52fbe12133f90be8c48c,deterministic_control,2.0,C0350
000825,太钢不锈,特钢Ⅱ,20140331,20240930,False,True,False,True,4179438acc6966b3ffd4cc363a9d58cc47974a01070f436c480d249477f5ee8d,deterministic_control,3.0,C0351
601319,中国人保,保险Ⅱ,20141231,20240930,False,False,False,False,41bdff3eb7c0d55fed20d65c54227113ff002c74bfeae7f68fec399cd70bf5d4,deterministic_control,2.0,C0352
002659,凯文教育,教育,20140331,20240930,False,True,False,True,41f36626d46fe879939ea527a7169728313b45b2cde1360c96a5968909d4f752,deterministic_control,3.0,C0353
300625,三雄极光,照明设备Ⅱ,20141231,20240930,False,False,False,False,44a3dae10d964268480d508c1712cdce3394a53a8406eae5d8aeb96f52cdec82,deterministic_control,3.0,C0354
000655,金岭矿业,冶钢原料,20140331,20240930,False,False,False,False,44ba466675cb713a4c2922b6bde09d1a2aead5d9ca025357467d2330b2ba0b62,deterministic_control,3.0,C0355
603302,鑫广绿环,未知,20141231,20170930,False,False,True,True,468391ff02e8dbee2677a31393eda78d772adca2883b6a309dd41a47c54f2471,deterministic_control,3.0,C0356
600170,上海建工,房屋建设Ⅱ,20140331,20240930,False,False,False,False,48ba766634a757d77559fc5d450d3ec3a568c5f12f17bf3bb283b855fa3c3a89,deterministic_control,2.0,C0357
603799,华友钴业,能源金属,20140331,20240930,False,False,False,False,4ab629fd1a3ec22e396e55fca61ba67b23bc658c637b1590a30947e9a78c2d47,deterministic_control,3.0,C0358
605009,豪悦护理,个护用品,20161231,20240930,False,False,False,False,4c57185ce10401066b5f52545bee8cafc0f210e215f3d2711a010ea2e20f9bf0,deterministic_control,2.0,C0359
301332,德尔玛,小家电,20181231,20240930,False,False,False,False,5184c453df3b44423df9735bdc719451e47ce7ebc4105994cf081e384c6318ca,deterministic_control,2.0,C0360
600418,江淮汽车,商用车,20140331,20240930,False,False,False,False,5533f13857c458f6a9f593533fcf3cb8e43a3d6764b605141095dca09bf77f10,deterministic_control,3.0,C0361
600435,北方导航,地面兵装Ⅱ,20140331,20240930,False,True,False,True,5b1b6c2fa12bacd37ea305eebc9b6d08f91b001a5e2adfb46644c99fbcd59fb1,deterministic_control,2.0,C0362
603727,博迈科,油服工程,20141231,20240930,False,False,False,False,5be7c3824c931bc760f0775ee30b7b1eb481a58ab570de6d049b434cefc1d03a,deterministic_control,1.0,C0363
300094,国联水产,渔业,20140331,20240930,False,True,False,True,5c6ec08bcd5615588defee140f74f67a5482af12b5211f3d584299b2615f0fe8,deterministic_control,1.0,C0364
600690,海尔智家,白色家电,20140331,20240930,False,False,False,False,5e5b9188228aac26dd5b1282d1e7a15f4d462747060faf6afc30f617697d2238,deterministic_control,2.0,C0365
300911,亿田智能,厨卫电器,20161231,20240930,False,True,False,True,5e775d3730eb8551e8a7687847699e4aee0e0ea7bbd715a8d3ccaed2d4abf398,deterministic_control,2.0,C0366
600871,石化油服,油服工程,20140331,20240930,False,False,False,False,62820fe20757c75b79bd38b07ed7d9dda26618142b887eb946069cd1579fb16e,deterministic_control,2.0,C0367
002032,苏泊尔,小家电,20140331,20240930,False,False,False,False,651c008630446aa6258f1d8ba3b47f720edda8b5becd5e2e39e94fcc97bfe4c8,deterministic_control,3.0,C0368
000628,高新发展,房屋建设Ⅱ,20140331,20240930,False,False,False,False,665b4e6720a8974588f9365660ffe05915694ed331d3117ec367b25a36947aea,deterministic_control,3.0,C0369
001206,依依股份,个护用品,20141231,20240930,False,False,False,False,669c971be953b38aacfdce460ddf47fc59af8dccf509a99c56e53c7f645571b1,deterministic_control,3.0,C0370
002519,银河电子,地面兵装Ⅱ,20140331,20240930,False,False,False,False,69048c0b43e5cdd02b05029445a2c43a90068537031fe46cd199754905d07ac7,deterministic_control,3.0,C0371
002828,贝肯能源,油服工程,20141231,20240930,False,False,False,False,69a6d858e8ba6960ad0691a78cc6977a23bb6d414957dc4ac08e727a843eee6d,deterministic_control,3.0,C0372
000016,*ST康佳A,白色家电,20140331,20240930,True,True,False,True,6c11ecfac8566e5348583bf069f5f15f17cfebe0021ff521c17aec17ab4eb13c,deterministic_control,3.0,C0373
002508,老板电器,厨卫电器,20140331,20240930,False,False,False,False,6fc6a41ec2e1a6b647b99c9888f4bb94dad1cdea394b53326231d1aac2c5815a,deterministic_control,3.0,C0374
600759,ST洲际,油气开采Ⅱ,20140331,20240930,True,False,False,True,704ae8d2a7bc4ce08b7dcda8fcc6db766183eb2ad3ee34d2c5d11ba1a4e375fd,deterministic_control,1.0,C0375
601929,吉视传媒,电视广播Ⅱ,20140331,20240930,False,True,False,True,7ed2d414d9b3f3b4b96b09a0879757a5b329abd285f637d07a2422e1c1b1f532,deterministic_control,3.0,C0376
300022,吉峰科技,专业连锁Ⅱ,20140331,20240930,False,True,False,True,85168428135ff63849193a38c7b2e61a9586f888eea434d57e1d9e5998b3ba87,deterministic_control,1.0,C0377
000592,平潭发展,林业Ⅱ,20140331,20240930,False,False,False,False,86f47445553ef9a7f7da5b3be37218dcc0099e991e46b00ed31270419f9f30c9,deterministic_control,2.0,C0378
000663,永安林业,林业Ⅱ,20140331,20240930,False,True,False,True,89de883ee8f28aec6268dfaa9e906ef4a602204910d3f3105bb934d97ac07641,deterministic_control,3.0,C0379
600676,交运股份,体育Ⅱ,20140331,20240930,False,True,False,True,8cb39952f567e8dcf87de5caac6102c0be7c55c296ce8778b3ce7813892d56d6,deterministic_control,1.0,C0380
000968,蓝焰控股,油气开采Ⅱ,20140331,20240930,False,False,False,False,8ed56ee1ec2f7408bc516e9fa2e836e24d6955257f7d4ff532bb5a173505bc91,deterministic_control,2.0,C0381
600408,安泰集团,焦炭Ⅱ,20140331,20240930,False,True,False,True,9055bc46603640723424f5d8a5418ecd2f8c7fd151c5003f1f6f6fba06a0903e,deterministic_control,3.0,C0382
600185,珠免集团,旅游零售Ⅱ,20140331,20240930,False,True,False,True,92684624ec1027d86e2ed2c32b96f0b0be4b458d534f0257e2b55b44c9ddb6f6,deterministic_control,1.0,C0383
601969,海南矿业,油气开采Ⅱ,20140331,20240930,False,False,False,False,951c15b265fe63b2c20f8c7589824d963ec105d2734ba75fdaff0ea8b5a9a10b,deterministic_control,3.0,C0384
601888,中国中免,旅游零售Ⅱ,20140331,20240930,False,False,False,False,a02cf856013e0663885ab8eea76dfd60284cedf10b1b53a157776ca3ef8eba88,deterministic_control,2.0,C0385
688363,华熙生物,医疗美容,20161231,20240930,False,False,False,False,a4d0538978bc080ef9ea174288f72a5b4c3a4ab34f759dd962b136486942fca7,deterministic_control,1.0,C0386
002858,力盛体育,体育Ⅱ,20140630,20240930,False,False,False,False,a55f7df30aee9178881b54246af83a096a96a0bb2c6ccb43aa62968b7dc8053e,deterministic_control,2.0,C0387
300247,融捷健康,其他家电Ⅱ,20140331,20240930,False,False,False,False,a8947ffc93444c69fbc2d424a8bc1ea676258703ea139e772a9a618b3898e8e3,deterministic_control,1.0,C0388
000829,天音控股,专业连锁Ⅱ,20140331,20240930,False,False,False,False,af565d550213c0decc92f9fcb478c9d5659223d8f13b8edeceaa4a063982603a,deterministic_control,2.0,C0389
601318,中国平安,保险Ⅱ,20140331,20240930,False,False,False,False,b4a7b5fb8015e22cbd69b1e423a51821290863dcc21a0e096f6e3a250aeaa306,deterministic_control,3.0,C0390
300755,华致酒行,专业连锁Ⅱ,20141231,20240930,False,False,False,False,b9dffe62d421f9db1532c67ffe516c794b4a95461b7198909c394c3fc771429f,deterministic_control,3.0,C0391
000798,中水渔业,渔业,20140331,20240930,False,False,False,False,bcb19f7c5d175f681382202ce6fcca08eef25e88ad896c621e5e7f719cb4df98,deterministic_control,2.0,C0392
300896,爱美客,医疗美容,20141231,20240930,False,False,False,False,bf1c9ccf085fb61ce5c7d68ca4b108dc8a21956a3408356cef23c3b9253ffc50,deterministic_control,2.0,C0393
300021,大禹节水,农业综合Ⅱ,20140331,20240930,False,False,False,False,c478e41d9a6329c4079c3cd90b47a71081977dcd3a6c0181678904f238234ccc,deterministic_control,1.0,C0394
600467,好当家,渔业,20140331,20240930,False,False,False,False,c858fbc0cd459b55f5f050b54c04eda55928d094541a1b1774eb733ec3c83157,deterministic_control,3.0,C0395
600158,中体产业,体育Ⅱ,20140331,20240930,False,False,False,False,cbad15c7e8958bb5b80a6ca370d49aebc4df4c24aa93c9234a233e7602731fd1,deterministic_control,3.0,C0396
000615,*ST美谷,医疗美容,20140331,20240930,True,True,False,True,d04d7abc6b4b0c1bd618b63d083ce64bd66b8e790ab85d6eff57a79f6d5fda54,deterministic_control,3.0,C0397
603579,荣泰健康,其他家电Ⅱ,20140630,20240930,False,False,False,False,ec321b49593564653af788fb77617c15f83fe5a9adeac070da12a69212a15f52,deterministic_control,2.0,C0398
002556,辉隆股份,农业综合Ⅱ,20140331,20240930,False,False,False,False,ecdbd7a870b488bf0eb817e1a0d22030775b4ec6b911adffa433cbc2329ad611,deterministic_control,2.0,C0399
002614,奥佳华,其他家电Ⅱ,20140331,20240930,False,False,False,False,fce6d5d0033d2a6f97f3c9ed8195a88b86ca12063962832e551ad2021ca6236a,deterministic_control,3.0,C0400
300767,震安科技,橡胶,20141231,20240930,False,True,False,True,003b58be9e99a31482b7f8db2b0a0169c72466707427757f37e6c123a6261c50,failure_or_delist,,C0401
002207,*ST准油,油服工程,20140331,20240930,True,True,False,True,0046f994af1a8940dd61e96291a11ae4d894c5c73b08d658177f9506af7236d1,failure_or_delist,,C0402
000821,ST京机,光伏设备,20140331,20240930,True,False,False,True,00a0d533493618ddb302862f63ca5044e62970f1f054db80efa8bc563950e593,failure_or_delist,,C0403
300268,佳沃食品,农产品加工,20140331,20240930,False,True,False,True,00b53854a25b162d6d95d09eab4515baf208b2688959db5d2e11372fa8e2bdf9,failure_or_delist,,C0404
000901,航天科技,汽车零部件,20140331,20240930,False,True,False,True,00fe79d35d458aa810da1c304193a8e78f0cf825fbb818c8f281f1019a5a856b,failure_or_delist,,C0405
000803,山高环能,电力,20140331,20240930,False,True,False,True,012f056eac4fe8ffc013689917216aa7dc3d9b31a5714c7aa0bb05f32305523a,failure_or_delist,,C0406
688303,大全能源,光伏设备,20141231,20240930,False,True,False,True,01c4e64ef2823a98a6c4b07ae328a779c2df8abd76b5c8c0cd6a4919b598e577,failure_or_delist,,C0407
000909,*ST数源,房地产开发,20140331,20240930,True,False,False,True,01d41c13a76db4ee19d17f0a4b643c73aabf6dbb160ad31600f6fed3b084a776,failure_or_delist,,C0408
688114,华大智造,医疗器械,20171231,20240930,False,True,False,True,01f88b5f68f32d33a7f1e6d386d2c1f4576970fb51d229b7dd0ba11b31af44c2,failure_or_delist,,C0409
600791,京能置业,房地产开发,20140331,20240930,False,True,False,True,02281b0df264c03d2de786799bf86a91f73bb77849dc4e7d2827da9b0764d57d,failure_or_delist,,C0410
300343,联创股份,化学制品,20140331,20240930,False,True,False,True,025b60ef21b060c6e338af6bfb14e9851056bb96fc15518b16be5b15c5a1ad5d,failure_or_delist,,C0411
688825,长鑫科技,半导体,20221231,20240930,False,True,False,True,02732bc381c33e694513ba1a11aae2da4749e129bf5ce5008dcb00df7e64fece,failure_or_delist,,C0412
002024,ST易购,互联网电商,20140331,20240930,True,False,False,True,0298fa316c1645a0eaee940eeb2163effc12899b0ab98dac1d38dbf55cbe4000,failure_or_delist,,C0413
600172,黄河旋风,通用设备,20140331,20240930,False,True,False,True,02a21399d8b89bbe10b3061c309cc0f92772ff944efbd3c61145ea56bbf28c67,failure_or_delist,,C0414
002786,银宝山新,专用设备,20140930,20240930,False,True,False,True,031044d4da0a10174d1a3e696da9e56d036c9d9c0b101475e278e5bb5706a520,failure_or_delist,,C0415
300461,田中精机,自动化设备,20140331,20240930,False,True,False,True,032311f57ac718968b21ce8db8b16ab26bb100aa85c22f61ee309beac07a6625,failure_or_delist,,C0416
300080,易成新能,光伏设备,20140331,20240930,False,True,False,True,035ba31ba3ffbba648138d745def7fd4932001bab6199e3143ee6c0722222cd5,failure_or_delist,,C0417
000802,北京文化,影视院线,20140331,20240930,False,True,False,True,03edeec41a68f82faa9e1a89efb6c51947698be2a2149b3c2e18c255d8c4123f,failure_or_delist,,C0418
603356,华菱精工,专用设备,20141231,20240930,False,True,False,True,043ad9bee4a95cc9bb70f29e1f975432b7a19625e7a7ae29acc8e300735f4acf,failure_or_delist,,C0419
300161,华中数控,通用设备,20140331,20240930,False,True,False,True,04647088018b62eabd39204a6014b38be13d77bc52ce4d889533448ccf7c4586,failure_or_delist,,C0420
688119,中钢洛耐,装修建材,20171231,20240930,False,True,False,True,04af1dfd8ab177afd7c5481d4deb5411add2b56db3c43716f9c8d1c871d11101,failure_or_delist,,C0421
000698,ST沈化,炼化及贸易,20140331,20240930,True,True,False,True,04be0e87ca1c709ff4c6710ba8775b0feb0c23c80356ee4e30ceb36117e27e51,failure_or_delist,,C0422
002190,成飞集成,汽车零部件,20140331,20240930,False,True,False,True,04d185698b6e5f4dd1a1df12657889d44fd421de467cd8235932f0a1207b2e71,failure_or_delist,,C0423
600797,浙大网新,IT服务Ⅱ,20140331,20240930,False,True,False,True,055172baaf40dade5bde50d3c1da0dbe95de6260251b78d22160eeaa25d08fba,failure_or_delist,,C0424
000514,渝开发,房地产开发,20140331,20240930,False,True,False,True,0553c8a394495447bf5be9f3eb3e268a2d2cb60fb3e2ba3992f5777e434af68c,failure_or_delist,,C0425
603398,*ST沐邦,光伏设备,20140930,20240930,True,True,False,True,05a45fb7914f19724742bb2e0935d1f390c32fe67d7eb9ebaebc2b1d885d4f1b,failure_or_delist,,C0426
002460,赣锋锂业,能源金属,20140331,20240930,False,True,False,True,05b9ed01fe427d24a841dbeba50c6def67b9c17e6760c0d9ef0b5b097f3d48a4,failure_or_delist,,C0427
002360,ST同德,化学制品,20140331,20240930,True,False,False,True,066f984b44b3a55b16780b27801ebefdf15c3e7770c0264c563fe72da4d902e6,failure_or_delist,,C0428
300410,正业科技,电池,20140331,20240930,False,True,False,True,0671c6b7c7cf9dabbedddcd5c0c7af43c6139ba719f8f4a94719abcf52f5a410,failure_or_delist,,C0429
300123,ST亚光,军工电子Ⅱ,20140331,20240930,True,True,False,True,078beeedbd119f58be2ad9e7e7e4e49c432f149da17dab80e03025512eb51da3,failure_or_delist,,C0430
600246,万通发展,房地产开发,20140331,20240930,False,True,False,True,07bb7d77b6fb0e832d9080c4c3204157f237ffe9e6e52cc0cbd98935519fed22,failure_or_delist,,C0431
300093,金刚光伏,光伏设备,20140331,20240930,False,True,False,True,07d52a7f7cb1280a3e8d3915e4db4fd0783e8923d8dda0f3b7c0b6f4721f1982,failure_or_delist,,C0432
000691,亚太实业,化学原料,20140331,20240930,False,True,False,True,0856e35963d229418d56b6c113b0ae9dabeba276795d329a4919c5c2b3f81814,failure_or_delist,,C0433
002691,*ST冀凯,专用设备,20140331,20240930,True,True,False,True,08c44d4a6add643d82c4ce98c7087d0a42dbefb808b2c8e674617e1606c32115,failure_or_delist,,C0434
600981,苏豪汇鸿,贸易Ⅱ,20140331,20240930,False,True,False,True,08e4ed142ce5b4392b34e6078770ab04845f17c98d6ded84ad58596e811092c3,failure_or_delist,,C0435
301075,多瑞医药,化学制药,20171231,20240930,False,True,False,True,08ff886f3067c1e97a589676ea0b3798a5a8db888e4f43ce6dd488ea99f14b10,failure_or_delist,,C0436
001330,博纳影业,影视院线,20141231,20240930,False,True,False,True,093bf61426ab054d6c1895f1451b98671d42b4fe6d8005bb67c75065c865525d,failure_or_delist,,C0437
300499,高澜股份,专用设备,20140930,20240930,False,True,False,True,09aefc7f508f9aa82874d780995449336a1e5debb820b5978acd440c3816e3a4,failure_or_delist,,C0438
600343,航天动力,通用设备,20140331,20240930,False,True,False,True,09b6a9559ff169e8f06f83ab2f8fa12795e9dcfa4076610be45edc3756f2e124,failure_or_delist,,C0439
002256,兆新股份,电力,20140331,20240930,False,True,False,True,09d1a449ef473be358c7489338226b5ad10b2fc555eccbab17754f56679c9e14,failure_or_delist,,C0440
002693,双成药业,化学制药,20140331,20240930,False,True,False,True,09d3409e7a198105ffb429acf6f7302026275526c99cecb338547d757a24a0cb,failure_or_delist,,C0441
000759,中百集团,一般零售,20140331,20240930,False,True,False,True,0a249fde243b9bb70b7c67e0fbffb1bc303009592429e99da65aba8e82075c4b,failure_or_delist,,C0442
300556,丝路视觉,软件开发,20141231,20240930,False,True,False,True,0a6e4c698c87db13a4e208f8d4c7041c0dfe34462678a79b68fd271647a6316d,failure_or_delist,,C0443
002052,同洲电子,其他电源设备Ⅱ,20140331,20240930,False,True,False,True,0a9fe495f9ca689dead3a2111dd10a82f34de62d0fb1754713c772069fcd38b7,failure_or_delist,,C0444
600136,ST明诚,房地产服务,20140331,20240930,True,True,False,True,0b6a4cee5bccb6bde2aa30ca3c6ece555728461532017c466b11f69810738122,failure_or_delist,,C0445
300948,冠中生态,基础建设,20141231,20240930,False,True,False,True,0c1cfcd03e5055204b1a6a5f163ebec9f75a44d5f6b1c5a3ffbc5ab7bbfde3b4,failure_or_delist,,C0446
688638,誉辰智能,电池,20161231,20240930,False,True,False,True,0c4d7743706668925c58627170820872610494c0ae081a1240c7fb77e282624d,failure_or_delist,,C0447
300581,晨曦航空,航空装备Ⅱ,20140630,20240930,False,True,False,True,0c5b3cc370e453351940971a0acd4645eab5334d6580c85b88723c7a40ca754d,failure_or_delist,,C0448
300551,古鳌科技,计算机设备,20141231,20240930,False,True,False,True,0c7846c6f3c8d3ccfedcfecf8e8aabb6b24f28c309dfee950e74c5f3d79416bb,failure_or_delist,,C0449
600203,福日电子,消费电子,20140331,20240930,False,True,False,True,0ce4cc5336cc2e83f8e00fa624110a2b421c3bdc61f641716a31b0f762249cf2,failure_or_delist,,C0450
688712,北芯生命,医疗器械,20191231,20240930,False,True,False,True,0d557b9bd124c3182bec944f8520126f57f65dd9cbf2be98a51621ef76537753,failure_or_delist,,C0451
300076,*ST宁视,光学光电子,20140331,20240930,True,True,False,True,0d6f00e6296122c4edacfcbd171ce76ef61f6a60e55c3c4bad4d571ae302bad9,failure_or_delist,,C0452
603722,阿科力,化学制品,20140630,20240930,False,True,False,True,0d791a297eca1b8bfb0527862e19643b4988e478b1332cedce1907f722d14cc9,failure_or_delist,,C0453
002356,鹏飞绿能,一般零售,20140331,20240930,False,True,False,True,0d83d580af4fe477f2bcac23465e7dcbfe299c74de83ae9b844b3674b3532d4b,failure_or_delist,,C0454
300125,*ST聆达,电力,20140331,20240930,True,True,False,True,0d9c733889fe35abd97061d7cdb052e0559583ee36430fedc4e9e1515e94c9be,failure_or_delist,,C0455
601118,海南橡胶,种植业,20140331,20240930,False,True,False,True,0dc01ed5d4972b71d5c7460d1740762474074a5d9dc7a112a352607aa12db98c,failure_or_delist,,C0456
002989,中天精装,装修装饰Ⅱ,20141231,20240930,False,True,False,True,0de85f48bf29e62b6d726623c18ca76556b3bf76423411ca3f8dd8337646326e,failure_or_delist,,C0457
300807,天迈科技,计算机设备,20140630,20240930,False,True,False,True,0ea513d8bf861c3a6e77043aac496f0fd3badbdf07582491de8a87d56a8457ff,failure_or_delist,,C0458
002638,勤上股份,照明设备Ⅱ,20140331,20240930,False,True,False,True,0eb2a965841a9d7ca15a8d90393ded5fe5b0d4f8dfe5ee28b83dbb359e11ec67,failure_or_delist,,C0459
001269,欧晶科技,光伏设备,20141231,20240930,False,True,False,True,0f15be5749d2bd70018862146bb1cc0cd96578b1c666cbd1595b585790c5b789,failure_or_delist,,C0460
000509,华塑控股,光学光电子,20140331,20240930,False,True,False,True,0f1d520e76df61eec3281ef5abc959fe30332b16cd0d0be200d2775bd6311489,failure_or_delist,,C0461
603168,莎普爱思,化学制药,20140331,20240930,False,True,False,True,0fe6f55a5f5e0338562a9dee69cce900e96dd7e5970f3765aa84d444dfbed6bc,failure_or_delist,,C0462
002538,ST司特,农化制品,20140331,20240930,True,False,False,True,0ffe38ebe7c653127f73ee077b100d9d649091c092c80fc5cbaf6bb95f86858c,failure_or_delist,,C0463
002047,宝鹰股份,装修装饰Ⅱ,20140331,20240930,False,True,False,True,100436bb23a62459e5a70606ab736bd166f09903273a3007e6de1f9ad8a0680c,failure_or_delist,,C0464
002992,宝明科技,光学光电子,20141231,20240930,False,True,False,True,108b833289889c93f2e4fc622b010a62ac26a2d9078a8d2eff3f3a937faca368,failure_or_delist,,C0465
600775,南京熊猫,通信设备,20140331,20240930,False,True,False,True,10b7747b20ecde65b8f52b21114b0e016b6775b78d8d6a0e3d74696f47126bf5,failure_or_delist,,C0466
002279,久其软件,软件开发,20140331,20240930,False,True,False,True,10ca60a28f9255d520e39d3afdbd204d048252846f6a4f18278069bd4b8e755d,failure_or_delist,,C0467
300246,宝莱特,医疗器械,20140331,20240930,False,True,False,True,1110b6c7aef2bcf1d12058f0f0d52b5a4db3e16a77f687334a6d57bcd3cce248,failure_or_delist,,C0468
688010,福光股份,光学光电子,20151231,20240930,False,True,False,True,114fe0db0d3651412681b154817c40743bfd79e06a86c7d7d7523031388db69c,failure_or_delist,,C0469
601718,ST际华,服装家纺,20140331,20240930,True,True,False,True,11bab760ee9774cb64c101d6b8af863163da125817e7e77539f71d5e3cc9848a,failure_or_delist,,C0470
301227,森鹰窗业,家居用品,20140630,20240930,False,True,False,True,1240c4ce1ad8b7c5a95a1f280c2d55c6a171f81dc6467e7674567da48d076152,failure_or_delist,,C0471
688165,埃夫特,自动化设备,20161231,20240930,False,True,False,True,12928301c133582ceea2fd772f18322ebe77f1c38192e95b6561df3b7efb9855,failure_or_delist,,C0472
300967,晓鸣股份,养殖业,20140331,20240930,False,True,False,True,12ac6a507fa9a3bc7a4167bae847f1e6eaa05db1524c5bcd13134d0ab22c3975,failure_or_delist,,C0473
002076,星光股份,照明设备Ⅱ,20140331,20240930,False,True,False,True,12c349fbab1fa3c048b0cf5763bda432af8ea2d2fe08fa5dbeee9071b7f345ae,failure_or_delist,,C0474
688528,秦川物联,通用设备,20161231,20240930,False,True,False,True,12d6687cb5e24162ec3712bc615ed74066f97539416232759472b1f924c8993b,failure_or_delist,,C0475
002912,中新赛克,计算机设备,20141231,20240930,False,True,False,True,1322646c4909e1c26c872945cf831c7e24311bc11001e91f47a0ef02b4f63546,failure_or_delist,,C0476
002598,ST章鼓,通用设备,20140331,20240930,True,False,False,True,132bb7c1f6352fc922e3f99032415c4ae85a25757fa210f45de3a2c426ee5301,failure_or_delist,,C0477
603488,展鹏科技,专用设备,20141231,20240930,False,True,False,True,134933cdc8f21d0097a90efb7ba3ed1d1d4648eb428ad6c3ffa761c8a30f3598,failure_or_delist,,C0478
002347,泰尔股份,通用设备,20140331,20240930,False,True,False,True,136634f29307c0b83627a058ac48b5453e6cc7a65906a6b825bd3f585b9df944,failure_or_delist,,C0479
002197,证通电子,计算机设备,20140331,20240930,False,True,False,True,13cb29e27ecf04dc693e879dfdcfb5faf63df112cc009d2976369d6eb8d1604f,failure_or_delist,,C0480
002184,海得控制,自动化设备,20140331,20240930,False,True,False,True,141171ec02daf61f50f8a7b324424c84aa3c6b0b9602e03127916a488ad2ff40,failure_or_delist,,C0481
300686,智动力,消费电子,20140630,20240930,False,True,False,True,14811f7fa9950ebf2afdb19ddd3f15ccf131f14bb3e736584c810ff7d8aec15e,failure_or_delist,,C0482
688660,电气风电,风电设备,20171231,20240930,False,True,False,True,14856f1f3572f80fe2137e873032ab97d2b9821cb212c48e2e5ddbc7a7b96981,failure_or_delist,,C0483
688135,利扬芯片,半导体,20141231,20240930,False,True,False,True,14b64bee96bdd25ad6913eb8034fdc0ac74b53f93b65f34cd8c8394f5fb1412e,failure_or_delist,,C0484
300656,民德电子,其他电子Ⅱ,20141231,20240930,False,True,False,True,14c230d7091b8d707391ac52aec2971b5ecc857b93964eaf2f0f6c8a1273a006,failure_or_delist,,C0485
301311,昆船智能,通用设备,20181231,20240930,False,True,False,True,14c32360a8113859de91e407067a39303fe010627d99452587651dbb081af2cb,failure_or_delist,,C0486
600118,中国卫星,航天装备Ⅱ,20140331,20240930,False,True,False,True,14f21b65280a3095f94f2278d660f277c66150ac1a1cce4bb12907c1941dbfdb,failure_or_delist,,C0487
688635,长进光子,通信设备,20221231,20231231,False,False,True,True,1502340feaa668f4a573e1500cff0ea06de19e2150badeeb14488206bd24b35a,failure_or_delist,,C0488
688599,天合光能,光伏设备,20161231,20240930,False,True,False,True,158fea4ee31e6e2fd53d09976872e759e606867c766dd4d33332fbe09dca3f48,failure_or_delist,,C0489
300134,大富科技,通信设备,20140331,20240930,False,True,False,True,15c5ac6a8bdd320dc3395cbe522ea5452e4d8f0de04330218300a4f769aba36e,failure_or_delist,,C0490
300871,回盛生物,动物保健Ⅱ,20161231,20240930,False,True,False,True,163e84360c6d7acbaf6851b2ed20e570c750aa319b2ca41b79b105ff750fc44e,failure_or_delist,,C0491
688256,寒武纪,半导体,20171231,20240930,False,True,False,True,166db4dbed8c96bb5a8a2c6cee994a220de472c2c6b8a3aff7e7abe063063890,failure_or_delist,,C0492
688573,信宇人,电池,20191231,20240930,False,True,False,True,16a27adf2cf7a62374c83614773ab12067a4e8376c82a59f5eca502b215db5d8,failure_or_delist,,C0493
301337,亚华电子,软件开发,20141231,20240930,False,True,False,True,16d3e6d6c68b7b320a4fb131cac7d4a84218492863fab9ce8e30bcfcf926a683,failure_or_delist,,C0494
300032,金龙机电,消费电子,20140331,20240930,False,True,False,True,16e59b746c9705da82b420afb33f7a447b11a36e45d65a5d31ebccc9f18d1079,failure_or_delist,,C0495
600257,大湖股份,渔业,20140331,20240930,False,True,False,True,171841a1056b28b0428ffd8e8d323d1d45e00984eda44df8b8099631629c5de0,failure_or_delist,,C0496
300042,朗科科技,计算机设备,20140331,20240930,False,True,False,True,1774be4667263db6662c4fa2d20514f9f990e213ae58eeb896624bf50867af6c,failure_or_delist,,C0497
002387,维信诺,光学光电子,20140331,20240930,False,True,False,True,17918c8957e3a0bdee8c32a5dbb56679ef12759479edeca86a3dec697d7863f7,failure_or_delist,,C0498
688170,德龙激光,自动化设备,20141231,20240930,False,True,False,True,1809df1be110297b03c3f63e5f6ec403a41e68d88ddf76e1d1d431ed40b367b1,failure_or_delist,,C0499
002072,凯瑞德,贸易Ⅱ,20140331,20240930,False,True,False,True,181a178c3044af28577cf20453ce5257fd0c603847d6ce0c05d85f375ae88ff6,failure_or_delist,,C0500
